phi(digree),phi(radians),u,M
0,0,0.0147816,-506.68
0.045022511,0.000785791,0.014781581,-506.7172382
0.090045023,0.001571582,0.014781524,-506.752848
0.135067534,0.002357373,0.014781428,-506.7868309
0.180090045,0.003143164,0.014781294,-506.8191886
0.225112556,0.003928955,0.014781122,-506.8499227
0.270135068,0.004714746,0.014780912,-506.8790349
0.315157579,0.005500537,0.014780663,-506.9065268
0.36018009,0.006286328,0.014780376,-506.9324001
0.405202601,0.00707212,0.014780051,-506.9566564
0.450225113,0.007857911,0.014779688,-506.9792973
0.495247624,0.008643702,0.014779287,-507.0003245
0.540270135,0.009429493,0.014778847,-507.0197397
0.585292646,0.010215284,0.014778369,-507.0375445
0.630315158,0.011001075,0.014777853,-507.0537404
0.675337669,0.011786866,0.014777299,-507.0683293
0.72036018,0.012572657,0.014776706,-507.0813126
0.765382691,0.013358448,0.014776075,-507.0926921
0.810405203,0.014144239,0.014775406,-507.1024694
0.855427714,0.01493003,0.014774699,-507.1106461
0.900450225,0.015715821,0.014773954,-507.1172239
0.945472736,0.016501612,0.01477317,-507.1222044
0.990495248,0.017287403,0.014772348,-507.1255892
1.035517759,0.018073194,0.014771488,-507.1273801
1.08054027,0.018858985,0.014770589,-507.1275786
1.125562781,0.019644776,0.014769653,-507.1261865
1.170585293,0.020430568,0.014768678,-507.1232052
1.215607804,0.021216359,0.014767665,-507.1186365
1.260630315,0.02200215,0.014766614,-507.1124821
1.305652826,0.022787941,0.014765525,-507.1047435
1.350675338,0.023573732,0.014764397,-507.0954224
1.395697849,0.024359523,0.014763231,-507.0845204
1.44072036,0.025145314,0.014762027,-507.0720393
1.485742871,0.025931105,0.014760785,-507.0579805
1.530765383,0.026716896,0.014759505,-507.0423459
1.575787894,0.027502687,0.014758187,-507.025137
1.620810405,0.028288478,0.01475683,-507.0063554
1.665832916,0.029074269,0.014755435,-506.9860028
1.710855428,0.02986006,0.014754002,-506.9640809
1.755877939,0.030645851,0.014752531,-506.9405913
1.80090045,0.031431642,0.014751022,-506.9155355
1.845922961,0.032217433,0.014749474,-506.8889154
1.890945473,0.033003224,0.014747888,-506.8607325
1.935967984,0.033789016,0.014746265,-506.8309884
1.980990495,0.034574807,0.014744603,-506.7996849
2.026013007,0.035360598,0.014742902,-506.7668235
2.071035518,0.036146389,0.014741164,-506.7324059
2.116058029,0.03693218,0.014739388,-506.6964337
2.16108054,0.037717971,0.014737573,-506.6589085
2.206103052,0.038503762,0.014735721,-506.6198321
2.251125563,0.039289553,0.01473383,-506.5792061
2.296148074,0.040075344,0.014731901,-506.5370321
2.341170585,0.040861135,0.014729934,-506.4933117
2.386193097,0.041646926,0.014727929,-506.4480465
2.431215608,0.042432717,0.014725886,-506.4012384
2.476238119,0.043218508,0.014723804,-506.3528887
2.52126063,0.044004299,0.014721685,-506.3029993
2.566283142,0.04479009,0.014719528,-506.2515718
2.611305653,0.045575881,0.014717332,-506.1986078
2.656328164,0.046361672,0.014715098,-506.1441089
2.701350675,0.047147464,0.014712827,-506.0880767
2.746373187,0.047933255,0.014710517,-506.0305131
2.791395698,0.048719046,0.014708169,-505.9714194
2.836418209,0.049504837,0.014705783,-505.9107975
2.88144072,0.050290628,0.014703359,-505.848649
2.926463232,0.051076419,0.014700897,-505.7849754
2.971485743,0.05186221,0.014698397,-505.7197785
3.016508254,0.052648001,0.014695859,-505.6530599
3.061530765,0.053433792,0.014693283,-505.5848212
3.106553277,0.054219583,0.014690669,-505.5150641
3.151575788,0.055005374,0.014688017,-505.4437902
3.196598299,0.055791165,0.014685327,-505.3710011
3.24162081,0.056576956,0.014682598,-505.2966986
3.286643322,0.057362747,0.014679832,-505.2208842
3.331665833,0.058148538,0.014677028,-505.1435595
3.376688344,0.058934329,0.014674186,-505.0647263
3.421710855,0.05972012,0.014671306,-504.9843862
3.466733367,0.060505912,0.014668388,-504.9025407
3.511755878,0.061291703,0.014665432,-504.8191917
3.556778389,0.062077494,0.014662438,-504.7343406
3.6018009,0.062863285,0.014659406,-504.6479892
3.646823412,0.063649076,0.014656337,-504.560139
3.691845923,0.064434867,0.014653229,-504.4707918
3.736868434,0.065220658,0.014650083,-504.3799491
3.781890945,0.066006449,0.0146469,-504.2876127
3.826913457,0.06679224,0.014643678,-504.1937841
3.871935968,0.067578031,0.014640419,-504.098465
3.916958479,0.068363822,0.014637122,-504.001657
3.96198099,0.069149613,0.014633786,-503.9033618
4.007003502,0.069935404,0.014630413,-503.803581
4.052026013,0.070721195,0.014627003,-503.7023164
4.097048524,0.071506986,0.014623554,-503.5995694
4.142071036,0.072292777,0.014620067,-503.4953417
4.187093547,0.073078568,0.014616543,-503.3896351
4.232116058,0.07386436,0.014612981,-503.2824511
4.277138569,0.074650151,0.014609381,-503.1737914
4.322161081,0.075435942,0.014605743,-503.0636576
4.367183592,0.076221733,0.014602067,-502.9520514
4.412206103,0.077007524,0.014598354,-502.8389743
4.457228614,0.077793315,0.014594602,-502.7244282
4.502251126,0.078579106,0.014590813,-502.6084145
4.547273637,0.079364897,0.014586986,-502.4909349
4.592296148,0.080150688,0.014583122,-502.3719912
4.637318659,0.080936479,0.01457922,-502.2515848
4.682341171,0.08172227,0.01457528,-502.1297176
4.727363682,0.082508061,0.014571302,-502.006391
4.772386193,0.083293852,0.014567286,-501.8816068
4.817408704,0.084079643,0.014563233,-501.7553666
4.862431216,0.084865434,0.014559142,-501.627672
4.907453727,0.085651225,0.014555014,-501.4985247
4.952476238,0.086437016,0.014550847,-501.3679263
4.997498749,0.087222808,0.014546644,-501.2358785
5.042521261,0.088008599,0.014542402,-501.1023828
5.087543772,0.08879439,0.014538123,-500.9674411
5.132566283,0.089580181,0.014533806,-500.8310548
5.177588794,0.090365972,0.014529451,-500.6932256
5.222611306,0.091151763,0.014525059,-500.5539553
5.267633817,0.091937554,0.01452063,-500.4132453
5.312656328,0.092723345,0.014516162,-500.2710975
5.357678839,0.093509136,0.014511657,-500.1275133
5.402701351,0.094294927,0.014507115,-499.9824944
5.447723862,0.095080718,0.014502535,-499.8360426
5.492746373,0.095866509,0.014497917,-499.6881594
5.537768884,0.0966523,0.014493262,-499.5388465
5.582791396,0.097438091,0.014488569,-499.3881055
5.627813907,0.098223882,0.014483839,-499.235938
5.672836418,0.099009673,0.014479072,-499.0823458
5.717858929,0.099795464,0.014474267,-498.9273304
5.762881441,0.100581256,0.014469424,-498.7708935
5.807903952,0.101367047,0.014464544,-498.6130367
5.852926463,0.102152838,0.014459626,-498.4537617
5.897948974,0.102938629,0.014454671,-498.2930701
5.942971486,0.10372442,0.014449679,-498.1309636
5.987993997,0.104510211,0.014444649,-497.9674438
6.033016508,0.105296002,0.014439582,-497.8025123
6.07803902,0.106081793,0.014434477,-497.6361708
6.123061531,0.106867584,0.014429335,-497.468421
6.168084042,0.107653375,0.014424156,-497.2992644
6.213106553,0.108439166,0.014418939,-497.1287027
6.258129065,0.109224957,0.014413685,-496.9567376
6.303151576,0.110010748,0.014408393,-496.7833707
6.348174087,0.110796539,0.014403065,-496.6086037
6.393196598,0.11158233,0.014397699,-496.4324381
6.43821911,0.112368121,0.014392295,-496.2548757
6.483241621,0.113153912,0.014386855,-496.075918
6.528264132,0.113939704,0.014381377,-495.8955668
6.573286643,0.114725495,0.014375862,-495.7138236
6.618309155,0.115511286,0.014370309,-495.5306901
6.663331666,0.116297077,0.01436472,-495.3461679
6.708354177,0.117082868,0.014359093,-495.1602588
6.753376688,0.117868659,0.014353429,-494.9729643
6.7983992,0.11865445,0.014347728,-494.784286
6.843421711,0.119440241,0.014341989,-494.5942257
6.888444222,0.120226032,0.014336214,-494.4027849
6.933466733,0.121011823,0.014330401,-494.2099653
6.978489245,0.121797614,0.014324551,-494.0157686
7.023511756,0.122583405,0.014318664,-493.8201963
7.068534267,0.123369196,0.01431274,-493.6232502
7.113556778,0.124154987,0.014306779,-493.4249319
7.15857929,0.124940778,0.014300781,-493.2252429
7.203601801,0.125726569,0.014294746,-493.024185
7.248624312,0.12651236,0.014288674,-492.8217598
7.293646823,0.127298152,0.014282564,-492.617969
7.338669335,0.128083943,0.014276418,-492.4128142
7.383691846,0.128869734,0.014270235,-492.2062969
7.428714357,0.129655525,0.014264015,-491.998419
7.473736868,0.130441316,0.014257757,-491.7891819
7.51875938,0.131227107,0.014251463,-491.5785874
7.563781891,0.132012898,0.014245132,-491.3666371
7.608804402,0.132798689,0.014238764,-491.1533327
7.653826913,0.13358448,0.014232359,-490.9386757
7.698849425,0.134370271,0.014225918,-490.7226679
7.743871936,0.135156062,0.014219439,-490.5053108
7.788894447,0.135941853,0.014212923,-490.2866062
7.833916958,0.136727644,0.014206371,-490.0665556
7.87893947,0.137513435,0.014199782,-489.8451606
7.923961981,0.138299226,0.014193156,-489.6224231
7.968984492,0.139085017,0.014186493,-489.3983445
8.014007004,0.139870808,0.014179794,-489.1729265
8.059029515,0.1406566,0.014173057,-488.9461708
8.104052026,0.141442391,0.014166284,-488.7180791
8.149074537,0.142228182,0.014159475,-488.4886528
8.194097049,0.143013973,0.014152628,-488.2578938
8.23911956,0.143799764,0.014145745,-488.0258036
8.284142071,0.144585555,0.014138825,-487.7923839
8.329164582,0.145371346,0.014131869,-487.5576363
8.374187094,0.146157137,0.014124876,-487.3215625
8.419209605,0.146942928,0.014117846,-487.0841641
8.464232116,0.147728719,0.01411078,-486.8454428
8.509254627,0.14851451,0.014103677,-486.6054001
8.554277139,0.149300301,0.014096537,-486.3640378
8.59929965,0.150086092,0.014089361,-486.1213574
8.644322161,0.150871883,0.014082149,-485.8773607
8.689344672,0.151657674,0.014074899,-485.6320493
8.734367184,0.152443465,0.014067614,-485.3854247
8.779389695,0.153229256,0.014060292,-485.1374887
8.824412206,0.154015048,0.014052933,-484.8882429
8.869434717,0.154800839,0.014045538,-484.637689
8.914457229,0.15558663,0.014038107,-484.3858285
8.95947974,0.156372421,0.014030639,-484.1326631
9.004502251,0.157158212,0.014023135,-483.8781945
9.049524762,0.157944003,0.014015594,-483.6224244
9.094547274,0.158729794,0.014008017,-483.3653542
9.139569785,0.159515585,0.014000404,-483.1069858
9.184592296,0.160301376,0.013992755,-482.8473207
9.229614807,0.161087167,0.013985069,-482.5863606
9.274637319,0.161872958,0.013977347,-482.324107
9.31965983,0.162658749,0.013969588,-482.0605618
9.364682341,0.16344454,0.013961794,-481.7957265
9.409704852,0.164230331,0.013953963,-481.5296027
9.454727364,0.165016122,0.013946096,-481.2621921
9.499749875,0.165801913,0.013938192,-480.9934963
9.544772386,0.166587704,0.013930253,-480.7235171
9.589794897,0.167373496,0.013922278,-480.4522559
9.634817409,0.168159287,0.013914266,-480.1797145
9.67983992,0.168945078,0.013906218,-479.9058945
9.724862431,0.169730869,0.013898134,-479.6307976
9.769884942,0.17051666,0.013890014,-479.3544253
9.814907454,0.171302451,0.013881858,-479.0767794
9.859929965,0.172088242,0.013873666,-478.7978615
9.904952476,0.172874033,0.013865438,-478.5176732
9.949974987,0.173659824,0.013857174,-478.2362161
9.994997499,0.174445615,0.013848875,-477.9534919
10.04002001,0.175231406,0.013840539,-477.6695023
10.08504252,0.176017197,0.013832167,-477.3842489
10.13006503,0.176802988,0.013823759,-477.0977333
10.17508754,0.177588779,0.013815316,-476.8099572
10.22011006,0.17837457,0.013806836,-476.5209222
10.26513257,0.179160361,0.013798321,-476.23063
10.31015508,0.179946152,0.01378977,-475.9390822
10.35517759,0.180731944,0.013781183,-475.6462804
10.4002001,0.181517735,0.01377256,-475.3522263
10.44522261,0.182303526,0.013763902,-475.0569216
10.49024512,0.183089317,0.013755208,-474.7603678
10.53526763,0.183875108,0.013746478,-474.4625666
10.58029015,0.184660899,0.013737712,-474.1635197
10.62531266,0.18544669,0.013728911,-473.8632287
10.67033517,0.186232481,0.013720074,-473.5616953
10.71535768,0.187018272,0.013711202,-473.258921
10.76038019,0.187804063,0.013702294,-472.9549076
10.8054027,0.188589854,0.01369335,-472.6496566
10.85042521,0.189375645,0.013684371,-472.3431698
10.89544772,0.190161436,0.013675356,-472.0354487
10.94047024,0.190947227,0.013666306,-471.726495
10.98549275,0.191733018,0.01365722,-471.4163103
11.03051526,0.192518809,0.013648099,-471.1048964
11.07553777,0.1933046,0.013638942,-470.7922548
11.12056028,0.194090392,0.01362975,-470.4783871
11.16558279,0.194876183,0.013620522,-470.1632951
11.2106053,0.195661974,0.013611259,-469.8469803
11.25562781,0.196447765,0.013601961,-469.5294444
11.30065033,0.197233556,0.013592627,-469.2106891
11.34567284,0.198019347,0.013583259,-468.8907159
11.39069535,0.198805138,0.013573854,-468.5695266
11.43571786,0.199590929,0.013564415,-468.2471228
11.48074037,0.20037672,0.01355494,-467.923506
11.52576288,0.201162511,0.01354543,-467.5986781
11.57078539,0.201948302,0.013535885,-467.2726405
11.6158079,0.202734093,0.013526305,-466.945395
11.66083042,0.203519884,0.013516689,-466.6169431
11.70585293,0.204305675,0.013507039,-466.2872866
11.75087544,0.205091466,0.013497353,-465.956427
11.79589795,0.205877257,0.013487632,-465.6243661
11.84092046,0.206663048,0.013477877,-465.2911054
11.88594297,0.20744884,0.013468086,-464.9566466
11.93096548,0.208234631,0.01345826,-464.6209914
11.97598799,0.209020422,0.013448399,-464.2841413
12.02101051,0.209806213,0.013438503,-463.9460981
12.06603302,0.210592004,0.013428573,-463.6068634
12.11105553,0.211377795,0.013418607,-463.2664387
12.15607804,0.212163586,0.013408606,-462.9248258
12.20110055,0.212949377,0.013398571,-462.5820263
12.24612306,0.213735168,0.013388501,-462.2380419
12.29114557,0.214520959,0.013378396,-461.8928741
12.33616808,0.21530675,0.013368256,-461.5465247
12.3811906,0.216092541,0.013358081,-461.1989952
12.42621311,0.216878332,0.013347872,-460.8502873
12.47123562,0.217664123,0.013337628,-460.5004027
12.51625813,0.218449914,0.013327349,-460.149343
12.56128064,0.219235705,0.013317036,-459.7971098
12.60630315,0.220021496,0.013306688,-459.4437048
12.65132566,0.220807288,0.013296305,-459.0891297
12.69634817,0.221593079,0.013285888,-458.733386
12.74137069,0.22237887,0.013275437,-458.3764754
12.7863932,0.223164661,0.01326495,-458.0183995
12.83141571,0.223950452,0.01325443,-457.6591601
12.87643822,0.224736243,0.013243874,-457.2987587
12.92146073,0.225522034,0.013233285,-456.937197
12.96648324,0.226307825,0.01322266,-456.5744766
13.01150575,0.227093616,0.013212002,-456.2105991
13.05652826,0.227879407,0.013201309,-455.8455663
13.10155078,0.228665198,0.013190582,-455.4793797
13.14657329,0.229450989,0.01317982,-455.1120411
13.1915958,0.23023678,0.013169024,-454.7435519
13.23661831,0.231022571,0.013158194,-454.373914
13.28164082,0.231808362,0.01314733,-454.0031288
13.32666333,0.232594153,0.013136431,-453.6311982
13.37168584,0.233379945,0.013125498,-453.2581236
13.41670835,0.234165736,0.013114531,-452.8839068
13.46173087,0.234951527,0.01310353,-452.5085494
13.50675338,0.235737318,0.013092495,-452.132053
13.55177589,0.236523109,0.013081426,-451.7544193
13.5967984,0.2373089,0.013070322,-451.3756499
13.64182091,0.238094691,0.013059185,-450.9957465
13.68684342,0.238880482,0.013048014,-450.6147107
13.73186593,0.239666273,0.013036808,-450.2325441
13.77688844,0.240452064,0.013025569,-449.8492485
13.82191096,0.241237855,0.013014296,-449.4648253
13.86693347,0.242023646,0.013002989,-449.0792764
13.91195598,0.242809437,0.012991648,-448.6926033
13.95697849,0.243595228,0.012980273,-448.3048076
14.002001,0.244381019,0.012968864,-447.915891
14.04702351,0.24516681,0.012957422,-447.5258552
14.09204602,0.245952601,0.012945946,-447.1347018
14.13706853,0.246738393,0.012934436,-446.7424324
14.18209105,0.247524184,0.012922892,-446.3490487
14.22711356,0.248309975,0.012911315,-445.9545523
14.27213607,0.249095766,0.012899704,-445.5589449
14.31715858,0.249881557,0.01288806,-445.1622281
14.36218109,0.250667348,0.012876382,-444.7644035
14.4072036,0.251453139,0.01286467,-444.3654728
14.45222611,0.25223893,0.012852925,-443.9654377
14.49724862,0.253024721,0.012841146,-443.5642997
14.54227114,0.253810512,0.012829334,-443.1620606
14.58729365,0.254596303,0.012817489,-442.7587219
14.63231616,0.255382094,0.01280561,-442.3542853
14.67733867,0.256167885,0.012793697,-441.9487524
14.72236118,0.256953676,0.012781752,-441.542125
14.76738369,0.257739467,0.012769773,-441.1344046
14.8124062,0.258525258,0.012757761,-440.7255928
14.85742871,0.259311049,0.012745715,-440.3156914
14.90245123,0.260096841,0.012733636,-439.9047019
14.94747374,0.260882632,0.012721524,-439.4926261
14.99249625,0.261668423,0.012709379,-439.0794654
15.03751876,0.262454214,0.012697201,-438.6652217
15.08254127,0.263240005,0.01268499,-438.2498965
15.12756378,0.264025796,0.012672745,-437.8334915
15.17258629,0.264811587,0.012660468,-437.4160083
15.2176088,0.265597378,0.012648157,-436.9974486
15.26263132,0.266383169,0.012635814,-436.5778139
15.30765383,0.26716896,0.012623437,-436.157106
15.35267634,0.267954751,0.012611028,-435.7353265
15.39769885,0.268740542,0.012598585,-435.312477
15.44272136,0.269526333,0.01258611,-434.8885592
15.48774387,0.270312124,0.012573602,-434.4635747
15.53276638,0.271097915,0.012561062,-434.0375252
15.57778889,0.271883706,0.012548488,-433.6104123
15.62281141,0.272669497,0.012535882,-433.1822376
15.66783392,0.273455289,0.012523243,-432.7530028
15.71285643,0.27424108,0.012510571,-432.3227095
15.75787894,0.275026871,0.012497866,-431.8913594
15.80290145,0.275812662,0.01248513,-431.4589541
15.84792396,0.276598453,0.01247236,-431.0254953
15.89294647,0.277384244,0.012459558,-430.5909845
15.93796898,0.278170035,0.012446723,-430.1554236
15.9829915,0.278955826,0.012433856,-429.718814
16.02801401,0.279741617,0.012420956,-429.2811574
16.07303652,0.280527408,0.012408024,-428.8424555
16.11805903,0.281313199,0.01239506,-428.4027099
16.16308154,0.28209899,0.012382063,-427.9619223
16.20810405,0.282884781,0.012369034,-427.5200942
16.25312656,0.283670572,0.012355972,-427.0772275
16.29814907,0.284456363,0.012342879,-426.6333236
16.34317159,0.285242154,0.012329753,-426.1883842
16.3881941,0.286027945,0.012316594,-425.742411
16.43321661,0.286813737,0.012303404,-425.2954056
16.47823912,0.287599528,0.012290182,-424.8473696
16.52326163,0.288385319,0.012276927,-424.3983048
16.56828414,0.28917111,0.01226364,-423.9482127
16.61330665,0.289956901,0.012250322,-423.497095
16.65832916,0.290742692,0.012236971,-423.0449533
16.70335168,0.291528483,0.012223588,-422.5917893
16.74837419,0.292314274,0.012210173,-422.1376046
16.7933967,0.293100065,0.012196727,-421.6824008
16.83841921,0.293885856,0.012183248,-421.2261797
16.88344172,0.294671647,0.012169738,-420.7689427
16.92846423,0.295457438,0.012156196,-420.3106917
16.97348674,0.296243229,0.012142622,-419.8514282
17.01850925,0.29702902,0.012129016,-419.3911538
17.06353177,0.297814811,0.012115379,-418.9298703
17.10855428,0.298600602,0.01210171,-418.4675792
17.15357679,0.299386393,0.012088009,-418.0042823
17.1985993,0.300172185,0.012074277,-417.539981
17.24362181,0.300957976,0.012060513,-417.0746772
17.28864432,0.301743767,0.012046718,-416.6083723
17.33366683,0.302529558,0.012032891,-416.1410682
17.37868934,0.303315349,0.012019032,-415.6727663
17.42371186,0.30410114,0.012005143,-415.2034684
17.46873437,0.304886931,0.011991221,-414.7331761
17.51375688,0.305672722,0.011977269,-414.261891
17.55877939,0.306458513,0.011963285,-413.7896148
17.6038019,0.307244304,0.011949269,-413.3163491
17.64882441,0.308030095,0.011935223,-412.8420956
17.69384692,0.308815886,0.011921145,-412.3668559
17.73886943,0.309601677,0.011907036,-411.8906317
17.78389195,0.310387468,0.011892896,-411.4134245
17.82891446,0.311173259,0.011878725,-410.9352361
17.87393697,0.31195905,0.011864522,-410.4560681
17.91895948,0.312744841,0.011850289,-409.9759221
17.96398199,0.313530633,0.011836024,-409.4947997
18.0090045,0.314316424,0.011821729,-409.0127027
18.05402701,0.315102215,0.011807402,-408.5296326
18.09904952,0.315888006,0.011793045,-408.0455911
18.14407204,0.316673797,0.011778657,-407.5605799
18.18909455,0.317459588,0.011764238,-407.0746005
18.23411706,0.318245379,0.011749788,-406.5876546
18.27913957,0.31903117,0.011735307,-406.0997439
18.32416208,0.319816961,0.011720796,-405.61087
18.36918459,0.320602752,0.011706253,-405.1210346
18.4142071,0.321388543,0.011691681,-404.6302392
18.45922961,0.322174334,0.011677077,-404.1384856
18.50425213,0.322960125,0.011662443,-403.6457754
18.54927464,0.323745916,0.011647778,-403.1521102
18.59429715,0.324531707,0.011633083,-402.6574916
18.63931966,0.325317498,0.011618358,-402.1619214
18.68434217,0.326103289,0.011603601,-401.6654011
18.72936468,0.326889081,0.011588815,-401.1679324
18.77438719,0.327674872,0.011573998,-400.6695169
18.8194097,0.328460663,0.011559151,-400.1701563
18.86443222,0.329246454,0.011544273,-399.6698522
18.90945473,0.330032245,0.011529365,-399.1686063
18.95447724,0.330818036,0.011514427,-398.6664202
18.99949975,0.331603827,0.011499459,-398.1632955
19.04452226,0.332389618,0.01148446,-397.659234
19.08954477,0.333175409,0.011469432,-397.1542371
19.13456728,0.3339612,0.011454373,-396.6483067
19.17958979,0.334746991,0.011439284,-396.1414442
19.22461231,0.335532782,0.011424166,-395.6336514
19.26963482,0.336318573,0.011409017,-395.1249299
19.31465733,0.337104364,0.011393838,-394.6152814
19.35967984,0.337890155,0.01137863,-394.1047075
19.40470235,0.338675946,0.011363391,-393.5932098
19.44972486,0.339461737,0.011348123,-393.0807899
19.49474737,0.340247529,0.011332825,-392.5674496
19.53976988,0.34103332,0.011317497,-392.0531904
19.5847924,0.341819111,0.011302139,-391.5380141
19.62981491,0.342604902,0.011286752,-391.0219221
19.67483742,0.343390693,0.011271335,-390.5049163
19.71985993,0.344176484,0.011255889,-389.9869982
19.76488244,0.344962275,0.011240413,-389.4681695
19.80990495,0.345748066,0.011224907,-388.9484318
19.85492746,0.346533857,0.011209372,-388.4277867
19.89994997,0.347319648,0.011193807,-387.906236
19.94497249,0.348105439,0.011178213,-387.3837812
19.989995,0.34889123,0.01116259,-386.860424
20.03501751,0.349677021,0.011146937,-386.336166
20.08004002,0.350462812,0.011131256,-385.8110089
20.12506253,0.351248603,0.011115544,-385.2849543
20.17008504,0.352034394,0.011099804,-384.7580039
20.21510755,0.352820185,0.011084034,-384.2301592
20.26013007,0.353605977,0.011068235,-383.701422
20.30515258,0.354391768,0.011052408,-383.1717939
20.35017509,0.355177559,0.011036551,-382.6412765
20.3951976,0.35596335,0.011020665,-382.1098715
20.44022011,0.356749141,0.01100475,-381.5775805
20.48524262,0.357534932,0.010988806,-381.0444052
20.53026513,0.358320723,0.010972833,-380.5103472
20.57528764,0.359106514,0.010956831,-379.9754081
20.62031016,0.359892305,0.010940801,-379.4395895
20.66533267,0.360678096,0.010924741,-378.9028933
20.71035518,0.361463887,0.010908653,-378.3653208
20.75537769,0.362249678,0.010892537,-377.826874
20.8004002,0.363035469,0.010876391,-377.2875542
20.84542271,0.36382126,0.010860217,-376.7473633
20.89044522,0.364607051,0.010844014,-376.2063028
20.93546773,0.365392842,0.010827783,-375.6643743
20.98049025,0.366178633,0.010811523,-375.1215796
21.02551276,0.366964425,0.010795235,-374.5779203
21.07053527,0.367750216,0.010778918,-374.033398
21.11555778,0.368536007,0.010762573,-373.4880144
21.16058029,0.369321798,0.0107462,-372.941771
21.2056028,0.370107589,0.010729798,-372.3946696
21.25062531,0.37089338,0.010713368,-371.8467117
21.29564782,0.371679171,0.01069691,-371.2978991
21.34067034,0.372464962,0.010680424,-370.7482334
21.38569285,0.373250753,0.010663909,-370.1977162
21.43071536,0.374036544,0.010647366,-369.6463491
21.47573787,0.374822335,0.010630796,-369.0941338
21.52076038,0.375608126,0.010614197,-368.541072
21.56578289,0.376393917,0.01059757,-367.9871652
21.6108054,0.377179708,0.010580915,-367.4324152
21.65582791,0.377965499,0.010564233,-366.8768235
21.70085043,0.37875129,0.010547522,-366.3203919
21.74587294,0.379537081,0.010530784,-365.7631218
21.79089545,0.380322873,0.010514018,-365.2050151
21.83591796,0.381108664,0.010497224,-364.6460734
21.88094047,0.381894455,0.010480402,-364.0862982
21.92596298,0.382680246,0.010463553,-363.5256912
21.97098549,0.383466037,0.010446676,-362.9642541
22.016008,0.384251828,0.010429772,-362.4019885
22.06103052,0.385037619,0.01041284,-361.8388961
22.10605303,0.38582341,0.01039588,-361.2749785
22.15107554,0.386609201,0.010378893,-360.7102372
22.19609805,0.387394992,0.010361879,-360.1446741
22.24112056,0.388180783,0.010344838,-359.5782907
22.28614307,0.388966574,0.010327768,-359.0110887
22.33116558,0.389752365,0.010310672,-358.4430697
22.37618809,0.390538156,0.010293549,-357.8742353
22.42121061,0.391323947,0.010276398,-357.3045872
22.46623312,0.392109738,0.01025922,-356.734127
22.51125563,0.392895529,0.010242015,-356.1628565
22.55627814,0.393681321,0.010224783,-355.5907771
22.60130065,0.394467112,0.010207524,-355.0178906
22.64632316,0.395252903,0.010190238,-354.4441987
22.69134567,0.396038694,0.010172925,-353.8697028
22.73636818,0.396824485,0.010155585,-353.2944048
22.7813907,0.397610276,0.010138218,-352.7183062
22.82641321,0.398396067,0.010120824,-352.1414087
22.87143572,0.399181858,0.010103404,-351.5637139
22.91645823,0.399967649,0.010085957,-350.9852234
22.96148074,0.40075344,0.010068483,-350.405939
23.00650325,0.401539231,0.010050982,-349.8258622
23.05152576,0.402325022,0.010033455,-349.2449947
23.09654827,0.403110813,0.010015901,-348.6633382
23.14157079,0.403896604,0.009998321,-348.0808942
23.1865933,0.404682395,0.009980715,-347.4976645
23.23161581,0.405468186,0.009963082,-346.9136506
23.27663832,0.406253977,0.009945422,-346.3288542
23.32166083,0.407039769,0.009927736,-345.7432769
23.36668334,0.40782556,0.009910024,-345.1569205
23.41170585,0.408611351,0.009892286,-344.5697864
23.45672836,0.409397142,0.009874521,-343.9818765
23.50175088,0.410182933,0.00985673,-343.3931923
23.54677339,0.410968724,0.009838913,-342.8037354
23.5917959,0.411754515,0.00982107,-342.2135076
23.63681841,0.412540306,0.009803201,-341.6225103
23.68184092,0.413326097,0.009785306,-341.0307454
23.72686343,0.414111888,0.009767385,-340.4382144
23.77188594,0.414897679,0.009749439,-339.844919
23.81690845,0.41568347,0.009731466,-339.2508608
23.86193097,0.416469261,0.009713467,-338.6560415
23.90695348,0.417255052,0.009695443,-338.0604626
23.95197599,0.418040843,0.009677393,-337.4641259
23.9969985,0.418826634,0.009659317,-336.867033
24.04202101,0.419612425,0.009641216,-336.2691856
24.08704352,0.420398217,0.009623089,-335.6705852
24.13206603,0.421184008,0.009604936,-335.0712335
24.17708854,0.421969799,0.009586758,-334.4711322
24.22211106,0.42275559,0.009568555,-333.8702829
24.26713357,0.423541381,0.009550326,-333.2686872
24.31215608,0.424327172,0.009532071,-332.6663468
24.35717859,0.425112963,0.009513792,-332.0632633
24.4022011,0.425898754,0.009495487,-331.4594385
24.44722361,0.426684545,0.009477156,-330.8548738
24.49224612,0.427470336,0.009458801,-330.249571
24.53726863,0.428256127,0.009440421,-329.6435317
24.58229115,0.429041918,0.009422015,-329.0367575
24.62731366,0.429827709,0.009403584,-328.4292501
24.67233617,0.4306135,0.009385129,-327.8210112
24.71735868,0.431399291,0.009366648,-327.2120423
24.76238119,0.432185082,0.009348142,-326.6023451
24.8074037,0.432970873,0.009329612,-325.9919213
24.85242621,0.433756665,0.009311057,-325.3807725
24.89744872,0.434542456,0.009292477,-324.7689004
24.94247124,0.435328247,0.009273872,-324.1563065
24.98749375,0.436114038,0.009255242,-323.5429926
25.03251626,0.436899829,0.009236588,-322.9289602
25.07753877,0.43768562,0.009217909,-322.314211
25.12256128,0.438471411,0.009199206,-321.6987467
25.16758379,0.439257202,0.009180478,-321.0825689
25.2126063,0.440042993,0.009161726,-320.4656792
25.25762881,0.440828784,0.009142949,-319.8480794
25.30265133,0.441614575,0.009124148,-319.2297709
25.34767384,0.442400366,0.009105323,-318.6107555
25.39269635,0.443186157,0.009086473,-317.9910348
25.43771886,0.443971948,0.009067599,-317.3706105
25.48274137,0.444757739,0.009048701,-316.7494842
25.52776388,0.44554353,0.009029778,-316.1276575
25.57278639,0.446329321,0.009010832,-315.5051321
25.6178089,0.447115113,0.008991862,-314.8819097
25.66283142,0.447900904,0.008972867,-314.2579918
25.70785393,0.448686695,0.008953849,-313.6333801
25.75287644,0.449472486,0.008934807,-313.0080762
25.79789895,0.450258277,0.00891574,-312.3820819
25.84292146,0.451044068,0.008896651,-311.7553987
25.88794397,0.451829859,0.008877537,-311.1280283
25.93296648,0.45261565,0.008858399,-310.4999723
25.97798899,0.453401441,0.008839238,-309.8712324
26.02301151,0.454187232,0.008820053,-309.2418102
26.06803402,0.454973023,0.008800845,-308.6117073
26.11305653,0.455758814,0.008781613,-307.9809255
26.15807904,0.456544605,0.008762358,-307.3494662
26.20310155,0.457330396,0.008743079,-306.7173313
26.24812406,0.458116187,0.008723777,-306.0845223
26.29314657,0.458901978,0.008704452,-305.4510408
26.33816908,0.459687769,0.008685103,-304.8168886
26.3831916,0.460473561,0.008665731,-304.1820672
26.42821411,0.461259352,0.008646335,-303.5465783
26.47323662,0.462045143,0.008626917,-302.9104235
26.51825913,0.462830934,0.008607475,-302.2736046
26.56328164,0.463616725,0.008588011,-301.636123
26.60830415,0.464402516,0.008568523,-300.9979805
26.65332666,0.465188307,0.008549013,-300.3591788
26.69834917,0.465974098,0.008529479,-299.7197193
26.74337169,0.466759889,0.008509923,-299.0796039
26.7883942,0.46754568,0.008490344,-298.4388341
26.83341671,0.468331471,0.008470742,-297.7974116
26.87843922,0.469117262,0.008451117,-297.155338
26.92346173,0.469903053,0.00843147,-296.512615
26.96848424,0.470688844,0.0084118,-295.8692441
27.01350675,0.471474635,0.008392108,-295.2252272
27.05852926,0.472260426,0.008372393,-294.5805657
27.10355178,0.473046217,0.008352655,-293.9352613
27.14857429,0.473832009,0.008332895,-293.2893158
27.1935968,0.4746178,0.008313113,-292.6427306
27.23861931,0.475403591,0.008293308,-291.9955076
27.28364182,0.476189382,0.008273481,-291.3476482
27.32866433,0.476975173,0.008253632,-290.6991542
27.37368684,0.477760964,0.008233761,-290.0500271
27.41870935,0.478546755,0.008213867,-289.4002687
27.46373187,0.479332546,0.008193952,-288.7498806
27.50875438,0.480118337,0.008174014,-288.0988644
27.55377689,0.480904128,0.008154054,-287.4472218
27.5987994,0.481689919,0.008134073,-286.7949543
27.64382191,0.48247571,0.008114069,-286.1420638
27.68884442,0.483261501,0.008094044,-285.4885517
27.73386693,0.484047292,0.008073997,-284.8344197
27.77888944,0.484833083,0.008053928,-284.1796695
27.82391196,0.485618874,0.008033837,-283.5243028
27.86893447,0.486404665,0.008013725,-282.8683211
27.91395698,0.487190457,0.007993591,-282.2117261
27.95897949,0.487976248,0.007973436,-281.5545194
28.004002,0.488762039,0.007953259,-280.8967027
28.04902451,0.48954783,0.007933061,-280.2382777
28.09404702,0.490333621,0.007912841,-279.579246
28.13906953,0.491119412,0.0078926,-278.9196091
28.18409205,0.491905203,0.007872338,-278.2593689
28.22911456,0.492690994,0.007852054,-277.5985268
28.27413707,0.493476785,0.00783175,-276.9370846
28.31915958,0.494262576,0.007811424,-276.2750438
28.36418209,0.495048367,0.007791077,-275.6124062
28.4092046,0.495834158,0.007770708,-274.9491734
28.45422711,0.496619949,0.007750319,-274.285347
28.49924962,0.49740574,0.007729909,-273.6209286
28.54427214,0.498191531,0.007709478,-272.95592
28.58929465,0.498977322,0.007689027,-272.2903227
28.63431716,0.499763113,0.007668554,-271.6241384
28.67933967,0.500548905,0.007648061,-270.9573687
28.72436218,0.501334696,0.007627547,-270.2900153
28.76938469,0.502120487,0.007607012,-269.6220798
28.8144072,0.502906278,0.007586457,-268.9535638
28.85942971,0.503692069,0.007565881,-268.2844691
28.90445223,0.50447786,0.007545284,-267.6147972
28.94947474,0.505263651,0.007524668,-266.9445498
28.99449725,0.506049442,0.007504031,-266.2737285
29.03951976,0.506835233,0.007483373,-265.602335
29.08454227,0.507621024,0.007462695,-264.930371
29.12956478,0.508406815,0.007441997,-264.2578379
29.17458729,0.509192606,0.007421279,-263.5847376
29.2196098,0.509978397,0.00740054,-262.9110716
29.26463232,0.510764188,0.007379782,-262.2368416
29.30965483,0.511549979,0.007359003,-261.5620492
29.35467734,0.51233577,0.007338205,-260.8866961
29.39969985,0.513121561,0.007317387,-260.210784
29.44472236,0.513907353,0.007296548,-259.5343143
29.48974487,0.514693144,0.00727569,-258.8572889
29.53476738,0.515478935,0.007254812,-258.1797093
29.57978989,0.516264726,0.007233914,-257.5015772
29.62481241,0.517050517,0.007212997,-256.8228942
29.66983492,0.517836308,0.00719206,-256.143662
29.71485743,0.518622099,0.007171103,-255.4638822
29.75987994,0.51940789,0.007150127,-254.7835565
29.80490245,0.520193681,0.007129132,-254.1026865
29.84992496,0.520979472,0.007108117,-253.4212738
29.89494747,0.521765263,0.007087082,-252.7393201
29.93996998,0.522551054,0.007066029,-252.056827
29.9849925,0.523336845,0.007044956,-251.3737962
30.03001501,0.524122636,0.007023863,-250.6902292
30.07503752,0.524908427,0.007002752,-250.0061279
30.12006003,0.525694218,0.006981622,-249.3214937
30.16508254,0.526480009,0.006960472,-248.6363284
30.21010505,0.527265801,0.006939304,-247.9506336
30.25512756,0.528051592,0.006918116,-247.2644109
30.30015008,0.528837383,0.00689691,-246.577662
30.34517259,0.529623174,0.006875684,-245.8903884
30.3901951,0.530408965,0.00685444,-245.202592
30.43521761,0.531194756,0.006833178,-244.5142742
30.48024012,0.531980547,0.006811896,-243.8254368
30.52526263,0.532766338,0.006790596,-243.1360813
30.57028514,0.533552129,0.006769277,-242.4462095
30.61530765,0.53433792,0.00674794,-241.7558229
30.66033017,0.535123711,0.006726584,-241.0649233
30.70535268,0.535909502,0.00670521,-240.3735122
30.75037519,0.536695293,0.006683817,-239.6815913
30.7953977,0.537481084,0.006662406,-238.9891622
30.84042021,0.538266875,0.006640977,-238.2962266
30.88544272,0.539052666,0.00661953,-237.6027862
30.93046523,0.539838457,0.006598064,-236.9088425
30.97548774,0.540624249,0.006576581,-236.2143972
31.02051026,0.54141004,0.006555079,-235.5194519
31.06553277,0.542195831,0.006533559,-234.8240084
31.11055528,0.542981622,0.006512021,-234.1280682
31.15557779,0.543767413,0.006490466,-233.431633
31.2006003,0.544553204,0.006468892,-232.7347044
31.24562281,0.545338995,0.006447301,-232.037284
31.29064532,0.546124786,0.006425692,-231.3393736
31.33566783,0.546910577,0.006404065,-230.6409747
31.38069035,0.547696368,0.006382421,-229.9420891
31.42571286,0.548482159,0.006360759,-229.2427182
31.47073537,0.54926795,0.006339079,-228.5428638
31.51575788,0.550053741,0.006317382,-227.8425276
31.56078039,0.550839532,0.006295668,-227.1417111
31.6058029,0.551625323,0.006273936,-226.440416
31.65082541,0.552411114,0.006252187,-225.738644
31.69584792,0.553196905,0.00623042,-225.0363967
31.74087044,0.553982697,0.006208637,-224.3336757
31.78589295,0.554768488,0.006186836,-223.6304827
31.83091546,0.555554279,0.006165018,-222.9268193
31.87593797,0.55634007,0.006143183,-222.2226871
31.92096048,0.557125861,0.006121331,-221.5180879
31.96598299,0.557911652,0.006099462,-220.8130232
32.0110055,0.558697443,0.006077576,-220.1074947
32.05602801,0.559483234,0.006055674,-219.4015041
32.10105053,0.560269025,0.006033754,-218.6950529
32.14607304,0.561054816,0.006011818,-217.9881428
32.19109555,0.561840607,0.005989865,-217.2807755
32.23611806,0.562626398,0.005967896,-216.5729527
32.28114057,0.563412189,0.00594591,-215.8646758
32.32616308,0.56419798,0.005923907,-215.1559467
32.37118559,0.564983771,0.005901888,-214.4467668
32.4162081,0.565769562,0.005879853,-213.737138
32.46123062,0.566555353,0.005857801,-213.0270618
32.50625313,0.567341145,0.005835733,-212.3165398
32.55127564,0.568126936,0.005813649,-211.6055737
32.59629815,0.568912727,0.005791548,-210.8941652
32.64132066,0.569698518,0.005769432,-210.1823159
32.68634317,0.570484309,0.005747299,-209.4700274
32.73136568,0.5712701,0.00572515,-208.7573014
32.77638819,0.572055891,0.005702986,-208.0441395
32.82141071,0.572841682,0.005680805,-207.3305433
32.86643322,0.573627473,0.005658608,-206.6165146
32.91145573,0.574413264,0.005636396,-205.9020549
32.95647824,0.575199055,0.005614168,-205.1871659
33.00150075,0.575984846,0.005591924,-204.4718492
33.04652326,0.576770637,0.005569665,-203.7561065
33.09154577,0.577556428,0.00554739,-203.0399395
33.13656828,0.578342219,0.005525099,-202.3233496
33.1815908,0.57912801,0.005502793,-201.6063387
33.22661331,0.579913801,0.005480472,-200.8889083
33.27163582,0.580699593,0.005458135,-200.1710601
33.31665833,0.581485384,0.005435783,-199.4527958
33.36168084,0.582271175,0.005413415,-198.7341169
33.40670335,0.583056966,0.005391033,-198.0150251
33.45172586,0.583842757,0.005368635,-197.2955221
33.49674837,0.584628548,0.005346222,-196.5756095
33.54177089,0.585414339,0.005323794,-195.8552889
33.5867934,0.58620013,0.005301351,-195.1345621
33.63181591,0.586985921,0.005278893,-194.4134305
33.67683842,0.587771712,0.005256421,-193.6918959
33.72186093,0.588557503,0.005233933,-192.96996
33.76688344,0.589343294,0.005211431,-192.2476242
33.81190595,0.590129085,0.005188914,-191.5248904
33.85692846,0.590914876,0.005166382,-190.8017602
33.90195098,0.591700667,0.005143836,-190.0782351
33.94697349,0.592486458,0.005121275,-189.3543168
33.991996,0.593272249,0.0050987,-188.630007
34.03701851,0.594058041,0.00507611,-187.9053074
34.08204102,0.594843832,0.005053506,-187.1802195
34.12706353,0.595629623,0.005030887,-186.454745
34.17208604,0.596415414,0.005008255,-185.7288855
34.21710855,0.597201205,0.004985608,-185.0026427
34.26213107,0.597986996,0.004962947,-184.2760182
34.30715358,0.598772787,0.004940271,-183.5490137
34.35217609,0.599558578,0.004917582,-182.8216309
34.3971986,0.600344369,0.004894879,-182.0938712
34.44222111,0.60113016,0.004872162,-181.3657365
34.48724362,0.601915951,0.004849431,-180.6372283
34.53226613,0.602701742,0.004826686,-179.9083483
34.57728864,0.603487533,0.004803927,-179.1790981
34.62231116,0.604273324,0.004781155,-178.4494794
34.66733367,0.605059115,0.004758369,-177.7194938
34.71235618,0.605844906,0.004735569,-176.989143
34.75737869,0.606630697,0.004712756,-176.2584286
34.8024012,0.607416489,0.00468993,-175.5273521
34.84742371,0.60820228,0.004667089,-174.7959154
34.89244622,0.608988071,0.004644236,-174.06412
34.93746873,0.609773862,0.004621369,-173.3319676
34.98249125,0.610559653,0.004598489,-172.5994598
35.02751376,0.611345444,0.004575596,-171.8665982
35.07253627,0.612131235,0.00455269,-171.1333845
35.11755878,0.612917026,0.00452977,-170.3998204
35.16258129,0.613702817,0.004506838,-169.6659075
35.2076038,0.614488608,0.004483892,-168.9316473
35.25262631,0.615274399,0.004460934,-168.1970417
35.29764882,0.61606019,0.004437963,-167.4620921
35.34267134,0.616845981,0.004414978,-166.7268003
35.38769385,0.617631772,0.004391982,-165.9911679
35.43271636,0.618417563,0.004368972,-165.2551965
35.47773887,0.619203354,0.00434595,-164.5188879
35.52276138,0.619989145,0.004322915,-163.7822435
35.56778389,0.620774937,0.004299868,-163.0452651
35.6128064,0.621560728,0.004276808,-162.3079543
35.65782891,0.622346519,0.004253736,-161.5703128
35.70285143,0.62313231,0.004230651,-160.8323421
35.74787394,0.623918101,0.004207554,-160.094044
35.79289645,0.624703892,0.004184445,-159.3554201
35.83791896,0.625489683,0.004161324,-158.616472
35.88294147,0.626275474,0.004138191,-157.8772013
35.92796398,0.627061265,0.004115045,-157.1376098
35.97298649,0.627847056,0.004091888,-156.397699
36.018009,0.628632847,0.004068718,-155.6574706
36.06303152,0.629418638,0.004045537,-154.9169263
36.10805403,0.630204429,0.004022344,-154.1760676
36.15307654,0.63099022,0.003999139,-153.4348962
36.19809905,0.631776011,0.003975922,-152.6934139
36.24312156,0.632561802,0.003952693,-151.9516221
36.28814407,0.633347593,0.003929453,-151.2095225
36.33316658,0.634133385,0.003906202,-150.4671169
36.37818909,0.634919176,0.003882939,-149.7244068
36.42321161,0.635704967,0.003859664,-148.9813938
36.46823412,0.636490758,0.003836378,-148.2380797
36.51325663,0.637276549,0.003813081,-147.4944661
36.55827914,0.63806234,0.003789772,-146.7505545
36.60330165,0.638848131,0.003766452,-146.0063467
36.64832416,0.639633922,0.003743121,-145.2618443
36.69334667,0.640419713,0.003719779,-144.517049
36.73836918,0.641205504,0.003696426,-143.7719623
36.7833917,0.641991295,0.003673062,-143.0265859
36.82841421,0.642777086,0.003649687,-142.2809215
36.87343672,0.643562877,0.003626301,-141.5349706
36.91845923,0.644348668,0.003602905,-140.7887351
36.96348174,0.645134459,0.003579497,-140.0422164
37.00850425,0.64592025,0.003556079,-139.2954163
37.05352676,0.646706041,0.00353265,-138.5483363
37.09854927,0.647491833,0.003509211,-137.8009781
37.14357179,0.648277624,0.003485761,-137.0533435
37.1885943,0.649063415,0.0034623,-136.3054339
37.23361681,0.649849206,0.003438829,-135.557251
37.27863932,0.650634997,0.003415348,-134.8087966
37.32366183,0.651420788,0.003391857,-134.0600722
37.36868434,0.652206579,0.003368355,-133.3110794
37.41370685,0.65299237,0.003344843,-132.56182
37.45872936,0.653778161,0.003321321,-131.8122955
37.50375188,0.654563952,0.003297789,-131.0625077
37.54877439,0.655349743,0.003274247,-130.312458
37.5937969,0.656135534,0.003250695,-129.5621483
37.63881941,0.656921325,0.003227133,-128.8115801
37.68384192,0.657707116,0.003203561,-128.0607551
37.72886443,0.658492907,0.003179979,-127.3096749
37.77388694,0.659278698,0.003156388,-126.5583411
37.81890945,0.660064489,0.003132787,-125.8067554
37.86393197,0.660850281,0.003109177,-125.0549195
37.90895448,0.661636072,0.003085556,-124.302835
37.95397699,0.662421863,0.003061927,-123.5505035
37.9989995,0.663207654,0.003038288,-122.7979267
38.04402201,0.663993445,0.003014639,-122.0451062
38.08904452,0.664779236,0.002990982,-121.2920436
38.13406703,0.665565027,0.002967315,-120.5387407
38.17908954,0.666350818,0.002943638,-119.785199
38.22411206,0.667136609,0.002919953,-119.0314202
38.26913457,0.6679224,0.002896259,-118.2774059
38.31415708,0.668708191,0.002872555,-117.5231578
38.35917959,0.669493982,0.002848843,-116.7686775
38.4042021,0.670279773,0.002825121,-116.0139666
38.44922461,0.671065564,0.002801391,-115.2590269
38.49424712,0.671851355,0.002777652,-114.5038599
38.53926963,0.672637146,0.002753905,-113.7484672
38.58429215,0.673422938,0.002730148,-112.9928506
38.62931466,0.674208729,0.002706383,-112.2370117
38.67433717,0.67499452,0.00268261,-111.4809521
38.71935968,0.675780311,0.002658828,-110.7246734
38.76438219,0.676566102,0.002635037,-109.9681774
38.8094047,0.677351893,0.002611238,-109.2114656
38.85442721,0.678137684,0.002587431,-108.4545396
38.89944972,0.678923475,0.002563615,-107.6974012
38.94447224,0.679709266,0.002539792,-106.940052
38.98949475,0.680495057,0.00251596,-106.1824936
39.03451726,0.681280848,0.00249212,-105.4247276
39.07953977,0.682066639,0.002468272,-104.6667557
39.12456228,0.68285243,0.002444416,-103.9085796
39.16958479,0.683638221,0.002420552,-103.1502008
39.2146073,0.684424012,0.002396681,-102.3916211
39.25962981,0.685209803,0.002372801,-101.632842
39.30465233,0.685995594,0.002348914,-100.8738653
39.34967484,0.686781386,0.002325019,-100.1146925
39.39469735,0.687567177,0.002301116,-99.3553253
39.43971986,0.688352968,0.002277206,-98.59576534
39.48474237,0.689138759,0.002253289,-97.83601427
39.52976488,0.68992455,0.002229364,-97.07607371
39.57478739,0.690710341,0.002205431,-96.31594533
39.6198099,0.691496132,0.002181491,-95.55563075
39.66483242,0.692281923,0.002157544,-94.79513163
39.70985493,0.693067714,0.00213359,-94.0344496
39.75487744,0.693853505,0.002109629,-93.27358631
39.79989995,0.694639296,0.00208566,-92.51254341
39.84492246,0.695425087,0.002061685,-91.75132252
39.88994497,0.696210878,0.002037702,-90.9899253
39.93496748,0.696996669,0.002013713,-90.22835339
39.97998999,0.69778246,0.001989717,-89.46660843
40.02501251,0.698568251,0.001965714,-88.70469207
40.07003502,0.699354042,0.001941704,-87.94260594
40.11505753,0.700139834,0.001917687,-87.18035169
40.16008004,0.700925625,0.001893664,-86.41793097
40.20510255,0.701711416,0.001869634,-85.65534541
40.25012506,0.702497207,0.001845598,-84.89259665
40.29514757,0.703282998,0.001821556,-84.12968635
40.34017009,0.704068789,0.001797507,-83.36661614
40.3851926,0.70485458,0.001773451,-82.60338767
40.43021511,0.705640371,0.00174939,-81.84000258
40.47523762,0.706426162,0.001725322,-81.0764625
40.52026013,0.707211953,0.001701248,-80.3127691
40.56528264,0.707997744,0.001677168,-79.54892399
40.61030515,0.708783535,0.001653082,-78.78492884
40.65532766,0.709569326,0.00162899,-78.02078528
40.70035018,0.710355117,0.001604892,-77.25649496
40.74537269,0.711140908,0.001580788,-76.49205951
40.7903952,0.711926699,0.001556678,-75.72748058
40.83541771,0.71271249,0.001532563,-74.96275982
40.88044022,0.713498282,0.001508442,-74.19789886
40.92546273,0.714284073,0.001484315,-73.43289935
40.97048524,0.715069864,0.001460183,-72.66776293
41.01550775,0.715855655,0.001436045,-71.90249125
41.06053027,0.716641446,0.001411902,-71.13708594
41.10555278,0.717427237,0.001387754,-70.37154866
41.15057529,0.718213028,0.0013636,-69.60588103
41.1955978,0.718998819,0.001339441,-68.84008471
41.24062031,0.71978461,0.001315276,-68.07416133
41.28564282,0.720570401,0.001291107,-67.30811255
41.33066533,0.721356192,0.001266932,-66.54194
41.37568784,0.722141983,0.001242753,-65.77564533
41.42071036,0.722927774,0.001218568,-65.00923017
41.46573287,0.723713565,0.001194379,-64.24269617
41.51075538,0.724499356,0.001170185,-63.47604498
41.55577789,0.725285147,0.001145986,-62.70927824
41.6008004,0.726070938,0.001121782,-61.94239758
41.64582291,0.72685673,0.001097573,-61.17540466
41.69084542,0.727642521,0.00107336,-60.40830111
41.73586793,0.728428312,0.001049143,-59.64108858
41.78089045,0.729214103,0.001024921,-58.8737687
41.82591296,0.729999894,0.001000694,-58.10634314
41.87093547,0.730785685,0.000976463,-57.33881351
41.91595798,0.731571476,0.000952228,-56.57118148
41.96098049,0.732357267,0.000927988,-55.80344867
42.006003,0.733143058,0.000903745,-55.03561674
42.05102551,0.733928849,0.000879497,-54.26768733
42.09604802,0.73471464,0.000855245,-53.49966207
42.14107054,0.735500431,0.000830989,-52.73154262
42.18609305,0.736286222,0.00080673,-51.96333061
42.23111556,0.737072013,0.000782466,-51.19502769
42.27613807,0.737857804,0.000758198,-50.42663549
42.32116058,0.738643595,0.000733927,-49.65815568
42.36618309,0.739429386,0.000709652,-48.88958987
42.4112056,0.740215178,0.000685373,-48.12093973
42.45622811,0.741000969,0.000661091,-47.35220688
42.50125063,0.74178676,0.000636805,-46.58339298
42.54627314,0.742572551,0.000612516,-45.81449966
42.59129565,0.743358342,0.000588223,-45.04552858
42.63631816,0.744144133,0.000563927,-44.27648136
42.68134067,0.744929924,0.000539628,-43.50735966
42.72636318,0.745715715,0.000515325,-42.73816512
42.77138569,0.746501506,0.000491019,-41.96889937
42.8164082,0.747287297,0.00046671,-41.19956407
42.86143072,0.748073088,0.000442398,-40.43016086
42.90645323,0.748858879,0.000418083,-39.66069137
42.95147574,0.74964467,0.000393765,-38.89115725
42.99649825,0.750430461,0.000369445,-38.12156014
43.04152076,0.751216252,0.000345121,-37.3519017
43.08654327,0.752002043,0.000320795,-36.58218355
43.13156578,0.752787834,0.000296466,-35.81240734
43.17658829,0.753573626,0.000272134,-35.04257471
43.22161081,0.754359417,0.0002478,-34.27268732
43.26663332,0.755145208,0.000223463,-33.50274679
43.31165583,0.755930999,0.000199124,-32.73275477
43.35667834,0.75671679,0.000174782,-31.96271291
43.40170085,0.757502581,0.000150438,-31.19262285
43.44672336,0.758288372,0.000126092,-30.42248623
43.49174587,0.759074163,0.000101743,-29.65230469
43.53676838,0.759859954,7.74E-05,-28.88207988
43.5817909,0.760645745,5.30E-05,-28.11181343
43.62681341,0.761431536,2.87E-05,-27.341507
43.67183592,0.762217327,4.33E-06,-26.57116222
43.71685843,0.763003118,-2.00E-05,-25.80078074
43.76188094,0.763788909,-4.44E-05,-25.0303642
43.80690345,0.7645747,-6.88E-05,-24.25991424
43.85192596,0.765360491,-9.31E-05,-23.4894325
43.89694847,0.766146282,-0.000117484,-22.71892063
43.94197099,0.766932074,-0.000141851,-21.94838027
43.9869935,0.767717865,-0.00016622,-21.17781307
44.03201601,0.768503656,-0.000190591,-20.40722066
44.07703852,0.769289447,-0.000214963,-19.63660469
44.12206103,0.770075238,-0.000239336,-18.8659668
44.16708354,0.770861029,-0.000263711,-18.09530863
44.21210605,0.77164682,-0.000288087,-17.32463183
44.25712856,0.772432611,-0.000312464,-16.55393804
44.30215108,0.773218402,-0.000336842,-15.78322891
44.34717359,0.774004193,-0.000361222,-15.01250606
44.3921961,0.774789984,-0.000385602,-14.24177116
44.43721861,0.775575775,-0.000409984,-13.47102583
44.48224112,0.776361566,-0.000434366,-12.70027173
44.52726363,0.777147357,-0.000458749,-11.92951049
44.57228614,0.777933148,-0.000483133,-11.15874376
44.61730865,0.778718939,-0.000507518,-10.38797318
44.66233117,0.77950473,-0.000531903,-9.617200398
44.70735368,0.780290522,-0.000556289,-8.84642705
44.75237619,0.781076313,-0.000580675,-8.075654781
44.7973987,0.781862104,-0.000605062,-7.304885234
44.84242121,0.782647895,-0.00062945,-6.534120051
44.88744372,0.783433686,-0.000653837,-5.763360876
44.93246623,0.784219477,-0.000678226,-4.992609351
44.97748874,0.785005268,-0.000702614,-4.221867118
45.02251126,0.785791059,-0.000727002,-3.451135821
45.06753377,0.78657685,-0.000751391,-2.680417102
45.11255628,0.787362641,-0.00077578,-1.909712604
45.15757879,0.788148432,-0.000800168,-1.139023969
45.2026013,0.788934223,-0.000824557,-0.36835284
45.24762381,0.789720014,-0.000848946,0.402299139
45.29264632,0.790505805,-0.000873334,1.172930327
45.33766883,0.791291596,-0.000897722,1.943539081
45.38269135,0.792077387,-0.00092211,2.714123757
45.42771386,0.792863178,-0.000946498,3.484682714
45.47273637,0.79364897,-0.000970885,4.255214308
45.51775888,0.794434761,-0.000995271,5.025716897
45.56278139,0.795220552,-0.001019657,5.796188837
45.6078039,0.796006343,-0.001044043,6.566628488
45.65282641,0.796792134,-0.001068428,7.337034204
45.69784892,0.797577925,-0.001092812,8.107404345
45.74287144,0.798363716,-0.001117195,8.877737267
45.78789395,0.799149507,-0.001141578,9.648031328
45.83291646,0.799935298,-0.00116596,10.41828488
45.87793897,0.800721089,-0.00119034,11.18849629
45.92296148,0.80150688,-0.00121472,11.95866391
45.96798399,0.802292671,-0.001239099,12.7287861
46.0130065,0.803078462,-0.001263476,13.49886121
46.05802901,0.803864253,-0.001287852,14.26888761
46.10305153,0.804650044,-0.001312228,15.03886364
46.14807404,0.805435835,-0.001336601,15.80878767
46.19309655,0.806221626,-0.001360974,16.57865806
46.23811906,0.807007418,-0.001385345,17.34847315
46.28314157,0.807793209,-0.001409714,18.11823132
46.32816408,0.808579,-0.001434082,18.88793091
46.37318659,0.809364791,-0.001458448,19.65757028
46.4182091,0.810150582,-0.001482813,20.4271478
46.46323162,0.810936373,-0.001507176,21.19666181
46.50825413,0.811722164,-0.001531537,21.96611067
46.55327664,0.812507955,-0.001555897,22.73549275
46.59829915,0.813293746,-0.001580254,23.5048064
46.64332166,0.814079537,-0.001604609,24.27404998
46.68834417,0.814865328,-0.001628963,25.04322184
46.73336668,0.815651119,-0.001653314,25.81232034
46.77838919,0.81643691,-0.001677663,26.58134384
46.82341171,0.817222701,-0.00170201,27.3502907
46.86843422,0.818008492,-0.001726355,28.11915927
46.91345673,0.818794283,-0.001750697,28.88794791
46.95847924,0.819580074,-0.001775037,29.65665498
47.00350175,0.820365866,-0.001799375,30.42527883
47.04852426,0.821151657,-0.00182371,31.19381783
47.09354677,0.821937448,-0.001848043,31.96227033
47.13856928,0.822723239,-0.001872372,32.73063468
47.1835918,0.82350903,-0.0018967,33.49890925
47.22861431,0.824294821,-0.001921024,34.26709239
47.27363682,0.825080612,-0.001945346,35.03518246
47.31865933,0.825866403,-0.001969664,35.80317781
47.36368184,0.826652194,-0.00199398,36.57107681
47.40870435,0.827437985,-0.002018293,37.33887781
47.45372686,0.828223776,-0.002042603,38.10657916
47.49874937,0.829009567,-0.00206691,38.87417924
47.54377189,0.829795358,-0.002091213,39.64167638
47.5887944,0.830581149,-0.002115514,40.40906896
47.63381691,0.83136694,-0.002139811,41.17635532
47.67883942,0.832152731,-0.002164105,41.94353383
47.72386193,0.832938522,-0.002188395,42.71060284
47.76888444,0.833724314,-0.002212682,43.4775607
47.81390695,0.834510105,-0.002236965,44.24440579
47.85892946,0.835295896,-0.002261245,45.01113645
47.90395198,0.836081687,-0.002285521,45.77775104
47.94897449,0.836867478,-0.002309794,46.54424791
47.993997,0.837653269,-0.002334062,47.31062544
48.03901951,0.83843906,-0.002358327,48.07688196
48.08404202,0.839224851,-0.002382588,48.84301585
48.12906453,0.840010642,-0.002406845,49.60902545
48.17408704,0.840796433,-0.002431098,50.37490913
48.21910955,0.841582224,-0.002455347,51.14066524
48.26413207,0.842368015,-0.002479592,51.90629214
48.30915458,0.843153806,-0.002503833,52.67178818
48.35417709,0.843939597,-0.00252807,53.43715173
48.3991996,0.844725388,-0.002552302,54.20238115
48.44422211,0.845511179,-0.00257653,54.96747477
48.48924462,0.84629697,-0.002600753,55.73243098
48.53426713,0.847082762,-0.002624972,56.49724812
48.57928964,0.847868553,-0.002649187,57.26192455
48.62431216,0.848654344,-0.002673397,58.02645862
48.66933467,0.849440135,-0.002697602,58.7908487
48.71435718,0.850225926,-0.002721802,59.55509315
48.75937969,0.851011717,-0.002745998,60.31919031
48.8044022,0.851797508,-0.002770189,61.08313855
48.84942471,0.852583299,-0.002794375,61.84693622
48.89444722,0.85336909,-0.002818556,62.61058168
48.93946973,0.854154881,-0.002842732,63.3740733
48.98449225,0.854940672,-0.002866903,64.13740942
49.02951476,0.855726463,-0.002891069,64.9005884
49.07453727,0.856512254,-0.00291523,65.6636086
49.11955978,0.857298045,-0.002939386,66.42646838
49.16458229,0.858083836,-0.002963536,67.1891661
49.2096048,0.858869627,-0.002987681,67.9517001
49.25462731,0.859655418,-0.00301182,68.71406876
49.29964982,0.86044121,-0.003035954,69.47627042
49.34467234,0.861227001,-0.003060082,70.23830345
49.38969485,0.862012792,-0.003084205,71.0001662
49.43471736,0.862798583,-0.003108322,71.76185703
49.47973987,0.863584374,-0.003132434,72.52337429
49.52476238,0.864370165,-0.003156539,73.28471635
49.56978489,0.865155956,-0.003180639,74.04588156
49.6148074,0.865941747,-0.003204733,74.80686828
49.65982991,0.866727538,-0.003228821,75.56767486
49.70485243,0.867513329,-0.003252903,76.32829966
49.74987494,0.86829912,-0.003276979,77.08874104
49.79489745,0.869084911,-0.003301049,77.84899737
49.83991996,0.869870702,-0.003325112,78.60906698
49.88494247,0.870656493,-0.00334917,79.36894825
49.92996498,0.871442284,-0.003373221,80.12863952
49.97498749,0.872228075,-0.003397265,80.88813916
50.02001001,0.873013866,-0.003421304,81.64744553
50.06503252,0.873799658,-0.003445335,82.40655698
50.11005503,0.874585449,-0.003469361,83.16547186
50.15507754,0.87537124,-0.003493379,83.92418854
50.20010005,0.876157031,-0.003517391,84.68270537
50.24512256,0.876942822,-0.003541396,85.44102071
50.29014507,0.877728613,-0.003565395,86.19913292
50.33516758,0.878514404,-0.003589386,86.95704035
50.3801901,0.879300195,-0.003613371,87.71474137
50.42521261,0.880085986,-0.003637349,88.47223432
50.47023512,0.880871777,-0.00366132,89.22951757
50.51525763,0.881657568,-0.003685283,89.98658948
50.56028014,0.882443359,-0.00370924,90.74344839
50.60530265,0.88322915,-0.003733189,91.50009268
50.65032516,0.884014941,-0.003757132,92.25652069
50.69534767,0.884800732,-0.003781066,93.01273078
50.74037019,0.885586523,-0.003804994,93.76872131
50.7853927,0.886372314,-0.003828914,94.52449064
50.83041521,0.887158106,-0.003852826,95.28003712
50.87543772,0.887943897,-0.003876731,96.03535912
50.92046023,0.888729688,-0.003900629,96.79045498
50.96548274,0.889515479,-0.003924519,97.54532308
51.01050525,0.89030127,-0.003948401,98.29996175
51.05552776,0.891087061,-0.003972275,99.05436937
51.10055028,0.891872852,-0.003996141,99.80854428
51.14557279,0.892658643,-0.00402,100.5624849
51.1905953,0.893444434,-0.00404385,101.3161894
51.23561781,0.894230225,-0.004067693,102.0696564
51.28064032,0.895016016,-0.004091527,102.8228841
51.32566283,0.895801807,-0.004115354,103.5758708
51.37068534,0.896587598,-0.004139172,104.328615
51.41570785,0.897373389,-0.004162982,105.0811151
51.46073037,0.89815918,-0.004186784,105.8333692
51.50575288,0.898944971,-0.004210577,106.5853759
51.55077539,0.899730762,-0.004234362,107.3371334
51.5957979,0.900516554,-0.004258138,108.0886402
51.64082041,0.901302345,-0.004281906,108.8398946
51.68584292,0.902088136,-0.004305665,109.5908949
51.73086543,0.902873927,-0.004329416,110.3416395
51.77588794,0.903659718,-0.004353158,111.0921268
51.82091046,0.904445509,-0.004376891,111.842355
51.86593297,0.9052313,-0.004400615,112.5923227
51.91095548,0.906017091,-0.004424331,113.3420281
51.95597799,0.906802882,-0.004448037,114.0914695
52.0010005,0.907588673,-0.004471735,114.8406455
52.04602301,0.908374464,-0.004495423,115.5895542
52.09104552,0.909160255,-0.004519102,116.338194
52.13606803,0.909946046,-0.004542773,117.0865634
52.18109055,0.910731837,-0.004566433,117.8346607
52.22611306,0.911517628,-0.004590085,118.5824842
52.27113557,0.912303419,-0.004613727,119.3300323
52.31615808,0.91308921,-0.00463736,120.0773033
52.36118059,0.913875002,-0.004660984,120.8242956
52.4062031,0.914660793,-0.004684597,121.5710076
52.45122561,0.915446584,-0.004708202,122.3174376
52.49624812,0.916232375,-0.004731796,123.063584
52.54127064,0.917018166,-0.004755381,123.8094451
52.58629315,0.917803957,-0.004778956,124.5550193
52.63131566,0.918589748,-0.004802522,125.3003049
52.67633817,0.919375539,-0.004826077,126.0453004
52.72136068,0.92016133,-0.004849623,126.790004
52.76638319,0.920947121,-0.004873158,127.5344141
52.8114057,0.921732912,-0.004896684,128.2785291
52.85642821,0.922518703,-0.004920199,129.0223474
52.90145073,0.923304494,-0.004943705,129.7658672
52.94647324,0.924090285,-0.0049672,130.509087
52.99149575,0.924876076,-0.004990685,131.252005
53.03651826,0.925661867,-0.005014159,131.9946198
53.08154077,0.926447658,-0.005037623,132.7369295
53.12656328,0.92723345,-0.005061077,133.4789327
53.17158579,0.928019241,-0.00508452,134.2206275
53.2166083,0.928805032,-0.005107953,134.9620125
53.26163082,0.929590823,-0.005131374,135.7030859
53.30665333,0.930376614,-0.005154786,136.4438461
53.35167584,0.931162405,-0.005178186,137.1842915
53.39669835,0.931948196,-0.005201576,137.9244204
53.44172086,0.932733987,-0.005224955,138.6642312
53.48674337,0.933519778,-0.005248323,139.4037222
53.53176588,0.934305569,-0.00527168,140.1428918
53.57678839,0.93509136,-0.005295026,140.8817383
53.62181091,0.935877151,-0.005318361,141.6202602
53.66683342,0.936662942,-0.005341685,142.3584557
53.71185593,0.937448733,-0.005364997,143.0963232
53.75687844,0.938234524,-0.005388299,143.8338611
53.80190095,0.939020315,-0.005411589,144.5710678
53.84692346,0.939806106,-0.005434867,145.3079415
53.89194597,0.940591898,-0.005458135,146.0444807
53.93696848,0.941377689,-0.00548139,146.7806837
53.981991,0.94216348,-0.005504635,147.5165489
54.02701351,0.942949271,-0.005527867,148.2520746
54.07203602,0.943735062,-0.005551088,148.9872592
54.11705853,0.944520853,-0.005574298,149.722101
54.16208104,0.945306644,-0.005597495,150.4565984
54.20710355,0.946092435,-0.005620681,151.1907497
54.25212606,0.946878226,-0.005643855,151.9245534
54.29714857,0.947664017,-0.005667017,152.6580077
54.34217109,0.948449808,-0.005690167,153.391111
54.3871936,0.949235599,-0.005713305,154.1238618
54.43221611,0.95002139,-0.00573643,154.8562582
54.47723862,0.950807181,-0.005759544,155.5882988
54.52226113,0.951592972,-0.005782645,156.3199818
54.56728364,0.952378763,-0.005805734,157.0513056
54.61230615,0.953164554,-0.005828811,157.7822686
54.65732866,0.953950346,-0.005851876,158.5128691
54.70235118,0.954736137,-0.005874928,159.2431055
54.74737369,0.955521928,-0.005897967,159.9729762
54.7923962,0.956307719,-0.005920994,160.7024794
54.83741871,0.95709351,-0.005944008,161.4316136
54.88244122,0.957879301,-0.00596701,162.1603771
54.92746373,0.958665092,-0.005989999,162.8887682
54.97248624,0.959450883,-0.006012975,163.6167854
55.01750875,0.960236674,-0.006035938,164.344427
55.06253127,0.961022465,-0.006058889,165.0716913
55.10755378,0.961808256,-0.006081826,165.7985767
55.15257629,0.962594047,-0.006104751,166.5250816
55.1975988,0.963379838,-0.006127662,167.2512042
55.24262131,0.964165629,-0.00615056,167.9769431
55.28764382,0.96495142,-0.006173445,168.7022964
55.33266633,0.965737211,-0.006196317,169.4272627
55.37768884,0.966523002,-0.006219176,170.1518402
55.42271136,0.967308794,-0.006242021,170.8760273
55.46773387,0.968094585,-0.006264853,171.5998223
55.51275638,0.968880376,-0.006287671,172.3232237
55.55777889,0.969666167,-0.006310476,173.0462297
55.6028014,0.970451958,-0.006333267,173.7688387
55.64782391,0.971237749,-0.006356045,174.4910492
55.69284642,0.97202354,-0.006378809,175.2128593
55.73786893,0.972809331,-0.006401559,175.9342676
55.78289145,0.973595122,-0.006424296,176.6552724
55.82791396,0.974380913,-0.006447018,177.3758719
55.87293647,0.975166704,-0.006469727,178.0960646
55.91795898,0.975952495,-0.006492422,178.8158489
55.96298149,0.976738286,-0.006515103,179.535223
56.008004,0.977524077,-0.006537769,180.2541854
56.05302651,0.978309868,-0.006560422,180.9727343
56.09804902,0.979095659,-0.00658306,181.6908683
56.14307154,0.97988145,-0.006605684,182.4085855
56.18809405,0.980667242,-0.006628294,183.1258844
56.23311656,0.981453033,-0.00665089,183.8427634
56.27813907,0.982238824,-0.006673471,184.5592207
56.32316158,0.983024615,-0.006696038,185.2752548
56.36818409,0.983810406,-0.00671859,185.990864
56.4132066,0.984596197,-0.006741127,186.7060466
56.45822911,0.985381988,-0.00676365,187.4208011
56.50325163,0.986167779,-0.006786158,188.1351257
56.54827414,0.98695357,-0.006808652,188.8490188
56.59329665,0.987739361,-0.006831131,189.5624789
56.63831916,0.988525152,-0.006853595,190.2755042
56.68334167,0.989310943,-0.006876044,190.988093
56.72836418,0.990096734,-0.006898478,191.7002439
56.77338669,0.990882525,-0.006920897,192.4119551
56.8184092,0.991668316,-0.006943301,193.1232249
56.86343172,0.992454107,-0.00696569,193.8340518
56.90845423,0.993239898,-0.006988063,194.544434
56.95347674,0.99402569,-0.007010422,195.25437
56.99849925,0.994811481,-0.007032765,195.9638581
57.04352176,0.995597272,-0.007055093,196.6728967
57.08854427,0.996383063,-0.007077405,197.3814841
57.13356678,0.997168854,-0.007099702,198.0896186
57.17858929,0.997954645,-0.007121984,198.7972987
57.22361181,0.998740436,-0.00714425,199.5045227
57.26863432,0.999526227,-0.0071665,200.2112889
57.31365683,1.000312018,-0.007188735,200.9175958
57.35867934,1.001097809,-0.007210954,201.6234416
57.40370185,1.0018836,-0.007233157,202.3288247
57.44872436,1.002669391,-0.007255344,203.0337435
57.49374687,1.003455182,-0.007277516,203.7381963
57.53876938,1.004240973,-0.007299672,204.4421815
57.5837919,1.005026764,-0.007321811,205.1456974
57.62881441,1.005812555,-0.007343935,205.8487425
57.67383692,1.006598346,-0.007366042,206.551315
57.71885943,1.007384138,-0.007388133,207.2534134
57.76388194,1.008169929,-0.007410208,207.9550359
57.80890445,1.00895572,-0.007432267,208.656181
57.85392696,1.009741511,-0.00745431,209.3568469
57.89894947,1.010527302,-0.007476336,210.0570321
57.94397199,1.011313093,-0.007498345,210.7567349
57.9889945,1.012098884,-0.007520339,211.4559537
58.03401701,1.012884675,-0.007542315,212.1546868
58.07903952,1.013670466,-0.007564275,212.8529325
58.12406203,1.014456257,-0.007586219,213.5506893
58.16908454,1.015242048,-0.007608146,214.2479555
58.21410705,1.016027839,-0.007630056,214.9447294
58.25912956,1.01681363,-0.007651949,215.6410095
58.30415208,1.017599421,-0.007673825,216.336794
58.34917459,1.018385212,-0.007695685,217.0320813
58.3941971,1.019171003,-0.007717527,217.7268699
58.43921961,1.019956794,-0.007739353,218.4211579
58.48424212,1.020742586,-0.007761161,219.1149438
58.52926463,1.021528377,-0.007782952,219.808226
58.57428714,1.022314168,-0.007804727,220.5010028
58.61930965,1.023099959,-0.007826483,221.1932726
58.66433217,1.02388575,-0.007848223,221.8850337
58.70935468,1.024671541,-0.007869945,222.5762845
58.75437719,1.025457332,-0.00789165,223.2670233
58.7993997,1.026243123,-0.007913338,223.9572485
58.84442221,1.027028914,-0.007935008,224.6469584
58.88944472,1.027814705,-0.00795666,225.3361515
58.93446723,1.028600496,-0.007978295,226.024826
58.97948974,1.029386287,-0.007999912,226.7129804
59.02451226,1.030172078,-0.008021512,227.4006129
59.06953477,1.030957869,-0.008043093,228.087722
59.11455728,1.03174366,-0.008064657,228.7743059
59.15957979,1.032529451,-0.008086203,229.4603632
59.2046023,1.033315242,-0.008107731,230.145892
59.24962481,1.034101034,-0.008129241,230.8308908
59.29464732,1.034886825,-0.008150733,231.5153579
59.33966983,1.035672616,-0.008172208,232.1992917
59.38469235,1.036458407,-0.008193663,232.8826905
59.42971486,1.037244198,-0.008215101,233.5655528
59.47473737,1.038029989,-0.008236521,234.2478768
59.51975988,1.03881578,-0.008257922,234.9296609
59.56478239,1.039601571,-0.008279305,235.6109035
59.6098049,1.040387362,-0.008300669,236.2916029
59.65482741,1.041173153,-0.008322015,236.9717574
59.69984992,1.041958944,-0.008343343,237.6513656
59.74487244,1.042744735,-0.008364652,238.3304256
59.78989495,1.043530526,-0.008385942,239.0089358
59.83491746,1.044316317,-0.008407214,239.6868947
59.87993997,1.045102108,-0.008428467,240.3643006
59.92496248,1.045887899,-0.008449701,241.0411518
59.96998499,1.04667369,-0.008470917,241.7174466
60.0150075,1.047459482,-0.008492113,242.3931835
60.06003002,1.048245273,-0.008513291,243.0683608
60.10505253,1.049031064,-0.00853445,243.7429769
60.15007504,1.049816855,-0.00855559,244.4170301
60.19509755,1.050602646,-0.00857671,245.0905187
60.24012006,1.051388437,-0.008597812,245.7634412
60.28514257,1.052174228,-0.008618894,246.4357959
60.33016508,1.052960019,-0.008639957,247.107581
60.37518759,1.05374581,-0.008661001,247.7787951
60.42021011,1.054531601,-0.008682026,248.4494365
60.46523262,1.055317392,-0.008703031,249.1195035
60.51025513,1.056103183,-0.008724017,249.7889944
60.55527764,1.056888974,-0.008744983,250.4579077
60.60030015,1.057674765,-0.00876593,251.1262416
60.64532266,1.058460556,-0.008786857,251.7939946
60.69034517,1.059246347,-0.008807765,252.461165
60.73536768,1.060032138,-0.008828653,253.1277512
60.7803902,1.06081793,-0.008849521,253.7937515
60.82541271,1.061603721,-0.008870369,254.4591642
60.87043522,1.062389512,-0.008891197,255.1239878
60.91545773,1.063175303,-0.008912006,255.7882205
60.96048024,1.063961094,-0.008932795,256.4518609
61.00550275,1.064746885,-0.008953563,257.1149071
61.05052526,1.065532676,-0.008974312,257.7773575
61.09554777,1.066318467,-0.008995041,258.4392106
61.14057029,1.067104258,-0.009015749,259.1004647
61.1855928,1.067890049,-0.009036437,259.761118
61.23061531,1.06867584,-0.009057105,260.4211691
61.27563782,1.069461631,-0.009077753,261.0806162
61.32066033,1.070247422,-0.00909838,261.7394578
61.36568284,1.071033213,-0.009118987,262.397692
61.41070535,1.071819004,-0.009139574,263.0553174
61.45572786,1.072604795,-0.00916014,263.7123323
61.50075038,1.073390586,-0.009180685,264.368735
61.54577289,1.074176378,-0.00920121,265.0245239
61.5907954,1.074962169,-0.009221714,265.6796974
61.63581791,1.07574796,-0.009242198,266.3342537
61.68084042,1.076533751,-0.009262661,266.9881913
61.72586293,1.077319542,-0.009283103,267.6415085
61.77088544,1.078105333,-0.009303524,268.2942037
61.81590795,1.078891124,-0.009323924,268.9462753
61.86093047,1.079676915,-0.009344303,269.5977215
61.90595298,1.080462706,-0.009364662,270.2485407
61.95097549,1.081248497,-0.009384999,270.8987314
61.995998,1.082034288,-0.009405315,271.5482919
62.04102051,1.082820079,-0.00942561,272.1972204
62.08604302,1.08360587,-0.009445884,272.8455154
62.13106553,1.084391661,-0.009466136,273.4931753
62.17608804,1.085177452,-0.009486368,274.1401984
62.22111056,1.085963243,-0.009506577,274.786583
62.26613307,1.086749034,-0.009526766,275.4323275
62.31115558,1.087534826,-0.009546933,276.0774302
62.35617809,1.088320617,-0.009567079,276.7218896
62.4012006,1.089106408,-0.009587203,277.365704
62.44622311,1.089892199,-0.009607305,278.0088717
62.49124562,1.09067799,-0.009627386,278.6513911
62.53626813,1.091463781,-0.009647445,279.2932605
62.58129065,1.092249572,-0.009667483,279.9344784
62.62631316,1.093035363,-0.009687498,280.575043
62.67133567,1.093821154,-0.009707492,281.2149527
62.71635818,1.094606945,-0.009727464,281.854206
62.76138069,1.095392736,-0.009747414,282.492801
62.8064032,1.096178527,-0.009767342,283.1307363
62.85142571,1.096964318,-0.009787248,283.7680101
62.89644822,1.097750109,-0.009807131,284.4046208
62.94147074,1.0985359,-0.009826993,285.0405667
62.98649325,1.099321691,-0.009846833,285.6758463
63.03151576,1.100107482,-0.00986665,286.3104579
63.07653827,1.100893274,-0.009886445,286.9443998
63.12156078,1.101679065,-0.009906218,287.5776704
63.16658329,1.102464856,-0.009925968,288.210268
63.2116058,1.103250647,-0.009945696,288.8421911
63.25662831,1.104036438,-0.009965402,289.4734379
63.30165083,1.104822229,-0.009985085,290.1040069
63.34667334,1.10560802,-0.010004745,290.7338963
63.39169585,1.106393811,-0.010024383,291.3631046
63.43671836,1.107179602,-0.010043998,291.99163
63.48174087,1.107965393,-0.01006359,292.619471
63.52676338,1.108751184,-0.01008316,293.246626
63.57178589,1.109536975,-0.010102707,293.8730932
63.6168084,1.110322766,-0.010122231,294.498871
63.66183092,1.111108557,-0.010141732,295.1239578
63.70685343,1.111894348,-0.01016121,295.7483519
63.75187594,1.112680139,-0.010180665,296.3720517
63.79689845,1.11346593,-0.010200097,296.9950556
63.84192096,1.114251722,-0.010219506,297.6173619
63.88694347,1.115037513,-0.010238892,298.238969
63.93196598,1.115823304,-0.010258255,298.8598752
63.97698849,1.116609095,-0.010277594,299.4800788
64.02201101,1.117394886,-0.01029691,300.0995783
64.06703352,1.118180677,-0.010316203,300.7183721
64.11205603,1.118966468,-0.010335473,301.3364583
64.15707854,1.119752259,-0.010354719,301.9538355
64.20210105,1.12053805,-0.010373941,302.5705019
64.24712356,1.121323841,-0.01039314,303.186456
64.29214607,1.122109632,-0.010412316,303.8016961
64.33716858,1.122895423,-0.010431468,304.4162204
64.3821911,1.123681214,-0.010450596,305.0300275
64.42721361,1.124467005,-0.010469701,305.6431157
64.47223612,1.125252796,-0.010488782,306.2554832
64.51725863,1.126038587,-0.010507839,306.8671286
64.56228114,1.126824379,-0.010526872,307.47805
64.60730365,1.12761017,-0.010545881,308.088246
64.65232616,1.128395961,-0.010564866,308.6977148
64.69734867,1.129181752,-0.010583828,309.3064547
64.74237119,1.129967543,-0.010602765,309.9144643
64.7873937,1.130753334,-0.010621678,310.5217417
64.83241621,1.131539125,-0.010640567,311.1282854
64.87743872,1.132324916,-0.010659432,311.7340938
64.92246123,1.133110707,-0.010678273,312.3391651
64.96748374,1.133896498,-0.01069709,312.9434978
65.01250625,1.134682289,-0.010715882,313.5470902
65.05752876,1.13546808,-0.01073465,314.1499406
65.10255128,1.136253871,-0.010753393,314.7520475
65.14757379,1.137039662,-0.010772112,315.3534091
65.1925963,1.137825453,-0.010790806,315.9540239
65.23761881,1.138611244,-0.010809476,316.5538901
65.28264132,1.139397035,-0.010828122,317.1530062
65.32766383,1.140182827,-0.010846743,317.7513705
65.37268634,1.140968618,-0.010865339,318.3489813
65.41770885,1.141754409,-0.01088391,318.9458371
65.46273137,1.1425402,-0.010902457,319.5419361
65.50775388,1.143325991,-0.010920978,320.1372768
65.55277639,1.144111782,-0.010939475,320.7318574
65.5977989,1.144897573,-0.010957948,321.3256764
65.64282141,1.145683364,-0.010976395,321.9187321
65.68784392,1.146469155,-0.010994817,322.5110229
65.73286643,1.147254946,-0.011013214,323.102547
65.77788894,1.148040737,-0.011031586,323.693303
65.82291146,1.148826528,-0.011049933,324.2832891
65.86793397,1.149612319,-0.011068254,324.8725036
65.91295648,1.15039811,-0.011086551,325.460945
65.95797899,1.151183901,-0.011104822,326.0486116
66.0030015,1.151969692,-0.011123068,326.6355018
66.04802401,1.152755483,-0.011141289,327.2216139
66.09304652,1.153541275,-0.011159484,327.8069463
66.13806903,1.154327066,-0.011177654,328.3914973
66.18309155,1.155112857,-0.011195798,328.9752653
66.22811406,1.155898648,-0.011213917,329.5582486
66.27313657,1.156684439,-0.01123201,330.1404457
66.31815908,1.15747023,-0.011250078,330.7218548
66.36318159,1.158256021,-0.01126812,331.3024743
66.4082041,1.159041812,-0.011286136,331.8823026
66.45322661,1.159827603,-0.011304126,332.461338
66.49824912,1.160613394,-0.011322091,333.0395789
66.54327164,1.161399185,-0.01134003,333.6170237
66.58829415,1.162184976,-0.011357943,334.1936707
66.63331666,1.162970767,-0.01137583,334.7695182
66.67833917,1.163756558,-0.011393691,335.3445647
66.72336168,1.164542349,-0.011411526,335.9188084
66.76838419,1.16532814,-0.011429335,336.4922478
66.8134067,1.166113931,-0.011447118,337.0648811
66.85842921,1.166899723,-0.011464875,337.6367068
66.90345173,1.167685514,-0.011482606,338.2077232
66.94847424,1.168471305,-0.01150031,338.7779287
66.99349675,1.169257096,-0.011517988,339.3473216
67.03851926,1.170042887,-0.01153564,339.9159003
67.08354177,1.170828678,-0.011553266,340.4836631
67.12856428,1.171614469,-0.011570865,341.0506084
67.17358679,1.17240026,-0.011588437,341.6167346
67.2186093,1.173186051,-0.011605984,342.1820399
67.26363182,1.173971842,-0.011623503,342.7465229
67.30865433,1.174757633,-0.011640996,343.3101817
67.35367684,1.175543424,-0.011658463,343.8730148
67.39869935,1.176329215,-0.011675903,344.4350206
67.44372186,1.177115006,-0.011693316,344.9961973
67.48874437,1.177900797,-0.011710702,345.5565435
67.53376688,1.178686588,-0.011728062,346.1160573
67.57878939,1.179472379,-0.011745394,346.6747372
67.62381191,1.180258171,-0.0117627,347.2325815
67.66883442,1.181043962,-0.011779979,347.7895885
67.71385693,1.181829753,-0.011797231,348.3457568
67.75887944,1.182615544,-0.011814456,348.9010845
67.80390195,1.183401335,-0.011831654,349.45557
67.84892446,1.184187126,-0.011848825,350.0092118
67.89394697,1.184972917,-0.011865969,350.5620082
67.93896948,1.185758708,-0.011883086,351.1139574
67.983992,1.186544499,-0.011900175,351.665058
68.02901451,1.18733029,-0.011917237,352.2153082
68.07403702,1.188116081,-0.011934272,352.7647063
68.11905953,1.188901872,-0.01195128,353.3132509
68.16408204,1.189687663,-0.01196826,353.8609401
68.20910455,1.190473454,-0.011985213,354.4077724
68.25412706,1.191259245,-0.012002138,354.9537462
68.29914957,1.192045036,-0.012019036,355.4988597
68.34417209,1.192830827,-0.012035907,356.0431114
68.3891946,1.193616619,-0.012052749,356.5864995
68.43421711,1.19440241,-0.012069565,357.1290225
68.47923962,1.195188201,-0.012086352,357.6706787
68.52426213,1.195973992,-0.012103112,358.2114665
68.56928464,1.196759783,-0.012119844,358.7513842
68.61430715,1.197545574,-0.012136548,359.2904302
68.65932966,1.198331365,-0.012153225,359.8286029
68.70435218,1.199117156,-0.012169873,360.3659005
68.74937469,1.199902947,-0.012186494,360.9023215
68.7943972,1.200688738,-0.012203087,361.4378642
68.83941971,1.201474529,-0.012219651,361.972527
68.88444222,1.20226032,-0.012236188,362.5063082
68.92946473,1.203046111,-0.012252697,363.0392062
68.97448724,1.203831902,-0.012269177,363.5712193
69.01950975,1.204617693,-0.01228563,364.1023459
69.06453227,1.205403484,-0.012302054,364.6325844
69.10955478,1.206189275,-0.01231845,365.1619331
69.15457729,1.206975067,-0.012334818,365.6903904
69.1995998,1.207760858,-0.012351157,366.2179545
69.24462231,1.208546649,-0.012367468,366.744624
69.28964482,1.20933244,-0.012383751,367.2703971
69.33466733,1.210118231,-0.012400005,367.7952723
69.37968984,1.210904022,-0.012416231,368.3192477
69.42471236,1.211689813,-0.012432428,368.8423219
69.46973487,1.212475604,-0.012448597,369.3644932
69.51475738,1.213261395,-0.012464737,369.8857599
69.55977989,1.214047186,-0.012480849,370.4061204
69.6048024,1.214832977,-0.012496932,370.925573
69.64982491,1.215618768,-0.012512986,371.4441161
69.69484742,1.216404559,-0.012529012,371.9617481
69.73986993,1.21719035,-0.012545008,372.4784673
69.78489245,1.217976141,-0.012560976,372.994272
69.82991496,1.218761932,-0.012576915,373.5091607
69.87493747,1.219547723,-0.012592825,374.0231317
69.91995998,1.220333515,-0.012608706,374.5361833
69.96498249,1.221119306,-0.012624559,375.048314
70.010005,1.221905097,-0.012640382,375.559522
70.05502751,1.222690888,-0.012656176,376.0698057
70.10005003,1.223476679,-0.012671941,376.5791634
70.14507254,1.22426247,-0.012687677,377.0875936
70.19009505,1.225048261,-0.012703384,377.5950946
70.23511756,1.225834052,-0.012719061,378.1016648
70.28014007,1.226619843,-0.01273471,378.6073024
70.32516258,1.227405634,-0.012750329,379.1120059
70.37018509,1.228191425,-0.012765918,379.6157737
70.4152076,1.228977216,-0.012781479,380.118604
70.46023012,1.229763007,-0.01279701,380.6204952
70.50525263,1.230548798,-0.012812511,381.1214457
70.55027514,1.231334589,-0.012827983,381.6214539
70.59529765,1.23212038,-0.012843426,382.120518
70.64032016,1.232906171,-0.012858839,382.6186366
70.68534267,1.233691963,-0.012874222,383.1158078
70.73036518,1.234477754,-0.012889576,383.6120301
70.77538769,1.235263545,-0.0129049,384.1073019
70.82041021,1.236049336,-0.012920195,384.6016214
70.86543272,1.236835127,-0.01293546,385.0949871
70.91045523,1.237620918,-0.012950695,385.5873973
70.95547774,1.238406709,-0.0129659,386.0788504
71.00050025,1.2391925,-0.012981075,386.5693447
71.04552276,1.239978291,-0.01299622,387.0588785
71.09054527,1.240764082,-0.013011336,387.5474503
71.13556778,1.241549873,-0.013026422,388.0350584
71.1805903,1.242335664,-0.013041477,388.5217011
71.22561281,1.243121455,-0.013056503,389.0073769
71.27063532,1.243907246,-0.013071498,389.492084
71.31565783,1.244693037,-0.013086464,389.9758208
71.36068034,1.245478828,-0.013101399,390.4585857
71.40570285,1.246264619,-0.013116304,390.940377
71.45072536,1.247050411,-0.013131179,391.4211931
71.49574787,1.247836202,-0.013146023,391.9010324
71.54077039,1.248621993,-0.013160838,392.3798932
71.5857929,1.249407784,-0.013175622,392.8577738
71.63081541,1.250193575,-0.013190375,393.3346727
71.67583792,1.250979366,-0.013205099,393.8105881
71.72086043,1.251765157,-0.013219791,394.2855185
71.76588294,1.252550948,-0.013234454,394.7594622
71.81090545,1.253336739,-0.013249086,395.2324175
71.85592796,1.25412253,-0.013263687,395.7043828
71.90095048,1.254908321,-0.013278258,396.1753565
71.94597299,1.255694112,-0.013292798,396.6453369
71.9909955,1.256479903,-0.013307307,397.1143224
72.03601801,1.257265694,-0.013321786,397.5823114
72.08104052,1.258051485,-0.013336234,398.0493021
72.12606303,1.258837276,-0.013350652,398.515293
72.17108554,1.259623067,-0.013365038,398.9802824
72.21610805,1.260408859,-0.013379394,399.4442686
72.26113057,1.26119465,-0.013393719,399.9072501
72.30615308,1.261980441,-0.013408013,400.3692252
72.35117559,1.262766232,-0.013422276,400.8301922
72.3961981,1.263552023,-0.013436509,401.2901494
72.44122061,1.264337814,-0.01345071,401.7490954
72.48624312,1.265123605,-0.01346488,402.2070283
72.53126563,1.265909396,-0.013479019,402.6639467
72.57628814,1.266695187,-0.013493127,403.1198487
72.62131066,1.267480978,-0.013507204,403.5747328
72.66633317,1.268266769,-0.01352125,404.0285974
72.71135568,1.26905256,-0.013535264,404.4814408
72.75637819,1.269838351,-0.013549248,404.9332613
72.8014007,1.270624142,-0.0135632,405.3840573
72.84642321,1.271409933,-0.01357712,405.8338272
72.89144572,1.272195724,-0.01359101,406.2825693
72.93646823,1.272981515,-0.013604868,406.730282
72.98149075,1.273767307,-0.013618694,407.1769637
73.02651326,1.274553098,-0.01363249,407.6226126
73.07153577,1.275338889,-0.013646253,408.0672272
73.11655828,1.27612468,-0.013659986,408.5108058
73.16158079,1.276910471,-0.013673686,408.9533468
73.2066033,1.277696262,-0.013687355,409.3948485
73.25162581,1.278482053,-0.013700993,409.8353093
73.29664832,1.279267844,-0.013714599,410.2747275
73.34167084,1.280053635,-0.013728173,410.7131015
73.38669335,1.280839426,-0.013741716,411.1504297
73.43171586,1.281625217,-0.013755227,411.5867104
73.47673837,1.282411008,-0.013768706,412.021942
73.52176088,1.283196799,-0.013782153,412.4561227
73.56678339,1.28398259,-0.013795568,412.8892511
73.6118059,1.284768381,-0.013808952,413.3213254
73.65682841,1.285554172,-0.013822303,413.7523441
73.70185093,1.286339963,-0.013835623,414.1823053
73.74687344,1.287125755,-0.013848911,414.6112076
73.79189595,1.287911546,-0.013862167,415.0390493
73.83691846,1.288697337,-0.01387539,415.4658287
73.88194097,1.289483128,-0.013888582,415.8915441
73.92696348,1.290268919,-0.013901742,416.316194
73.97198599,1.29105471,-0.013914869,416.7397768
74.0170085,1.291840501,-0.013927964,417.1622906
74.06203102,1.292626292,-0.013941028,417.583734
74.10705353,1.293412083,-0.013954059,418.0041053
74.15207604,1.294197874,-0.013967057,418.4234028
74.19709855,1.294983665,-0.013980024,418.8416248
74.24212106,1.295769456,-0.013992958,419.2587699
74.28714357,1.296555247,-0.014005859,419.6748362
74.33216608,1.297341038,-0.014018729,420.0898222
74.37718859,1.298126829,-0.014031566,420.5037261
74.42221111,1.29891262,-0.01404437,420.9165465
74.46723362,1.299698411,-0.014057142,421.3282816
74.51225613,1.300484203,-0.014069882,421.7389298
74.55727864,1.301269994,-0.014082589,422.1484894
74.60230115,1.302055785,-0.014095263,422.5569589
74.64732366,1.302841576,-0.014107905,422.9643365
74.69234617,1.303627367,-0.014120514,423.3706206
74.73736868,1.304413158,-0.014133091,423.7758096
74.7823912,1.305198949,-0.014145635,424.1799018
74.82741371,1.30598474,-0.014158146,424.5828956
74.87243622,1.306770531,-0.014170625,424.9847893
74.91745873,1.307556322,-0.01418307,425.3855814
74.96248124,1.308342113,-0.014195483,425.7852701
75.00750375,1.309127904,-0.014207863,426.1838538
75.05252626,1.309913695,-0.01422021,426.5813309
75.09754877,1.310699486,-0.014232524,426.9776998
75.14257129,1.311485277,-0.014244806,427.3729587
75.1875938,1.312271068,-0.014257054,427.7671061
75.23261631,1.313056859,-0.01426927,428.1601402
75.27763882,1.313842651,-0.014281452,428.5520596
75.32266133,1.314628442,-0.014293601,428.9428625
75.36768384,1.315414233,-0.014305718,429.3325472
75.41270635,1.316200024,-0.014317801,429.7211122
75.45772886,1.316985815,-0.014329851,430.1085557
75.50275138,1.317771606,-0.014341868,430.4948762
75.54777389,1.318557397,-0.014353851,430.880072
75.5927964,1.319343188,-0.014365802,431.2641415
75.63781891,1.320128979,-0.014377719,431.647083
75.68284142,1.32091477,-0.014389603,432.0288949
75.72786393,1.321700561,-0.014401454,432.4095755
75.77288644,1.322486352,-0.014413271,432.7891232
75.81790895,1.323272143,-0.014425055,433.1675363
75.86293147,1.324057934,-0.014436805,433.5448133
75.90795398,1.324843725,-0.014448522,433.9209524
75.95297649,1.325629516,-0.014460206,434.2959521
75.997999,1.326415307,-0.014471856,434.6698106
76.04302151,1.327201099,-0.014483473,435.0425263
76.08804402,1.32798689,-0.014495056,435.4140977
76.13306653,1.328772681,-0.014506606,435.784523
76.17808904,1.329558472,-0.014518122,436.1538006
76.22311156,1.330344263,-0.014529604,436.5219288
76.26813407,1.331130054,-0.014541053,436.8889061
76.31315658,1.331915845,-0.014552468,437.2547308
76.35817909,1.332701636,-0.014563849,437.6194012
76.4032016,1.333487427,-0.014575197,437.9829157
76.44822411,1.334273218,-0.014586511,438.3452727
76.49324662,1.335059009,-0.014597791,438.7064704
76.53826913,1.3358448,-0.014609037,439.0665073
76.58329165,1.336630591,-0.014620249,439.4253818
76.62831416,1.337416382,-0.014631428,439.7830921
76.67333667,1.338202173,-0.014642573,440.1396367
76.71835918,1.338987964,-0.014653683,440.4950138
76.76338169,1.339773755,-0.01466476,440.849222
76.8084042,1.340559547,-0.014675803,441.2022594
76.85342671,1.341345338,-0.014686812,441.5541245
76.89844922,1.342131129,-0.014697786,441.9048156
76.94347174,1.34291692,-0.014708727,442.2543311
76.98849425,1.343702711,-0.014719634,442.6026693
77.03351676,1.344488502,-0.014730506,442.9498286
77.07853927,1.345274293,-0.014741345,443.2958074
77.12356178,1.346060084,-0.014752149,443.640604
77.16858429,1.346845875,-0.014762919,443.9842168
77.2136068,1.347631666,-0.014773655,444.326644
77.25862931,1.348417457,-0.014784357,444.6678842
77.30365183,1.349203248,-0.014795024,445.0079356
77.34867434,1.349989039,-0.014805657,445.3467966
77.39369685,1.35077483,-0.014816256,445.6844656
77.43871936,1.351560621,-0.01482682,446.0209408
77.48374187,1.352346412,-0.01483735,446.3562208
77.52876438,1.353132203,-0.014847846,446.6903037
77.57378689,1.353917995,-0.014858307,447.0231881
77.6188094,1.354703786,-0.014868734,447.3548722
77.66383192,1.355489577,-0.014879126,447.6853543
77.70885443,1.356275368,-0.014889484,448.014633
77.75387694,1.357061159,-0.014899807,448.3427064
77.79889945,1.35784695,-0.014910096,448.6695731
77.84392196,1.358632741,-0.01492035,448.9952312
77.88894447,1.359418532,-0.01493057,449.3196792
77.93396698,1.360204323,-0.014940755,449.6429155
77.97898949,1.360990114,-0.014950905,449.9649384
78.02401201,1.361775905,-0.014961021,450.2857462
78.06903452,1.362561696,-0.014971102,450.6053373
78.11405703,1.363347487,-0.014981148,450.9237102
78.15907954,1.364133278,-0.01499116,451.240863
78.20410205,1.364919069,-0.015001137,451.5567942
78.24912456,1.36570486,-0.015011079,451.8715022
78.29414707,1.366490651,-0.015020986,452.1849853
78.33916958,1.367276443,-0.015030858,452.4972418
78.3841921,1.368062234,-0.015040695,452.8082701
78.42921461,1.368848025,-0.015050498,453.1180686
78.47423712,1.369633816,-0.015060266,453.4266357
78.51925963,1.370419607,-0.015069998,453.7339696
78.56428214,1.371205398,-0.015079696,454.0400688
78.60930465,1.371991189,-0.015089359,454.3449315
78.65432716,1.37277698,-0.015098987,454.6485563
78.69934967,1.373562771,-0.01510858,454.9509413
78.74437219,1.374348562,-0.015118137,455.252085
78.7893947,1.375134353,-0.01512766,455.5519858
78.83441721,1.375920144,-0.015137148,455.8506419
78.87943972,1.376705935,-0.0151466,456.1480518
78.92446223,1.377491726,-0.015156017,456.4442138
78.96948474,1.378277517,-0.0151654,456.7391262
79.01450725,1.379063308,-0.015174747,457.0327875
79.05952976,1.379849099,-0.015184058,457.3251959
79.10455228,1.380634891,-0.015193335,457.6163498
79.14957479,1.381420682,-0.015202576,457.9062477
79.1945973,1.382206473,-0.015211782,458.1948878
79.23961981,1.382992264,-0.015220953,458.4822685
79.28464232,1.383778055,-0.015230088,458.7683881
79.32966483,1.384563846,-0.015239188,459.0532451
79.37468734,1.385349637,-0.015248253,459.3368378
79.41970985,1.386135428,-0.015257282,459.6191644
79.46473237,1.386921219,-0.015266276,459.9002235
79.50975488,1.38770701,-0.015275235,460.1800133
79.55477739,1.388492801,-0.015284158,460.4585323
79.5997999,1.389278592,-0.015293045,460.7357786
79.64482241,1.390064383,-0.015301897,461.0117508
79.68984492,1.390850174,-0.015310714,461.2864472
79.73486743,1.391635965,-0.015319495,461.5598661
79.77988994,1.392421756,-0.01532824,461.8320059
79.82491246,1.393207547,-0.01533695,462.102865
79.86993497,1.393993339,-0.015345624,462.3724416
79.91495748,1.39477913,-0.015354263,462.6407342
79.95997999,1.395564921,-0.015362866,462.9077412
80.0050025,1.396350712,-0.015371433,463.1734608
80.05002501,1.397136503,-0.015379965,463.4378914
80.09504752,1.397922294,-0.015388461,463.7010315
80.14007004,1.398708085,-0.015396921,463.9628792
80.18509255,1.399493876,-0.015405346,464.2234331
80.23011506,1.400279667,-0.015413734,464.4826915
80.27513757,1.401065458,-0.015422087,464.7406527
80.32016008,1.401851249,-0.015430404,464.997315
80.36518259,1.40263704,-0.015438686,465.2526769
80.4102051,1.403422831,-0.015446931,465.5067367
80.45522761,1.404208622,-0.015455141,465.7594927
80.50025013,1.404994413,-0.015463314,466.0109433
80.54527264,1.405780204,-0.015471452,466.2610869
80.59029515,1.406565995,-0.015479554,466.5099219
80.63531766,1.407351787,-0.01548762,466.7574465
80.68034017,1.408137578,-0.01549565,467.0036591
80.72536268,1.408923369,-0.015503644,467.2485581
80.77038519,1.40970916,-0.015511602,467.4921419
80.8154077,1.410494951,-0.015519524,467.7344088
80.86043022,1.411280742,-0.01552741,467.9753571
80.90545273,1.412066533,-0.01553526,468.2149853
80.95047524,1.412852324,-0.015543074,468.4532917
80.99549775,1.413638115,-0.015550851,468.6902746
81.04052026,1.414423906,-0.015558593,468.9259324
81.08554277,1.415209697,-0.015566298,469.1602634
81.13056528,1.415995488,-0.015573968,469.393266
81.17558779,1.416781279,-0.015581601,469.6249386
81.22061031,1.41756707,-0.015589198,469.8552796
81.26563282,1.418352861,-0.015596759,470.0842872
81.31065533,1.419138652,-0.015604283,470.3119599
81.35567784,1.419924443,-0.015611771,470.5382959
81.40070035,1.420710235,-0.015619223,470.7632937
81.44572286,1.421496026,-0.015626639,470.9869516
81.49074537,1.422281817,-0.015634019,471.209268
81.53576788,1.423067608,-0.015641362,471.4302412
81.5807904,1.423853399,-0.015648669,471.6498696
81.62581291,1.42463919,-0.015655939,471.8681515
81.67083542,1.425424981,-0.015663173,472.0850853
81.71585793,1.426210772,-0.015670371,472.3006694
81.76088044,1.426996563,-0.015677532,472.5149021
81.80590295,1.427782354,-0.015684657,472.7277818
81.85092546,1.428568145,-0.015691746,472.9393067
81.89594797,1.429353936,-0.015698798,473.1494754
81.94097049,1.430139727,-0.015705813,473.3582861
81.985993,1.430925518,-0.015712792,473.5657372
82.03101551,1.431711309,-0.015719735,473.7718271
82.07603802,1.4324971,-0.015726641,473.976554
82.12106053,1.433282891,-0.01573351,474.1799165
82.16608304,1.434068683,-0.015740343,474.3819127
82.21110555,1.434854474,-0.015747139,474.5825412
82.25612806,1.435640265,-0.015753899,474.7818002
82.30115058,1.436426056,-0.015760622,474.979688
82.34617309,1.437211847,-0.015767309,475.1762032
82.3911956,1.437997638,-0.015773959,475.3713439
82.43621811,1.438783429,-0.015780572,475.5651087
82.48124062,1.43956922,-0.015787149,475.7574957
82.52626313,1.440355011,-0.015793689,475.9485035
82.57128564,1.441140802,-0.015800192,476.1381302
82.61630815,1.441926593,-0.015806659,476.3263744
82.66133067,1.442712384,-0.015813088,476.5132344
82.70635318,1.443498175,-0.015819481,476.6987084
82.75137569,1.444283966,-0.015825838,476.8827949
82.7963982,1.445069757,-0.015832157,477.0654923
82.84142071,1.445855548,-0.01583844,477.2467988
82.88644322,1.446641339,-0.015844686,477.4267129
82.93146573,1.447427131,-0.015850895,477.6052329
82.97648824,1.448212922,-0.015857067,477.7823571
83.02151076,1.448998713,-0.015863203,477.958084
83.06653327,1.449784504,-0.015869301,478.1324118
83.11155578,1.450570295,-0.015875363,478.3053389
83.15657829,1.451356086,-0.015881388,478.4768638
83.2016008,1.452141877,-0.015887376,478.6469847
83.24662331,1.452927668,-0.015893327,478.8156999
83.29164582,1.453713459,-0.015899241,478.983008
83.33666833,1.45449925,-0.015905118,479.1489071
83.38169085,1.455285041,-0.015910958,479.3133958
83.42671336,1.456070832,-0.015916761,479.4764722
83.47173587,1.456856623,-0.015922528,479.6381349
83.51675838,1.457642414,-0.015928257,479.7983821
83.56178089,1.458428205,-0.015933949,479.9572122
83.6068034,1.459213996,-0.015939604,480.1146235
83.65182591,1.459999787,-0.015945222,480.2706145
83.69684842,1.460785579,-0.015950803,480.4251835
83.74187094,1.46157137,-0.015956347,480.5783288
83.78689345,1.462357161,-0.015961854,480.7300487
83.83191596,1.463142952,-0.015967324,480.8803417
83.87693847,1.463928743,-0.015972757,481.0292062
83.92196098,1.464714534,-0.015978152,481.1766403
83.96698349,1.465500325,-0.01598351,481.3226426
84.012006,1.466286116,-0.015988832,481.4672114
84.05702851,1.467071907,-0.015994116,481.610345
84.10205103,1.467857698,-0.015999363,481.7520418
84.14707354,1.468643489,-0.016004573,481.8923002
84.19209605,1.46942928,-0.016009745,482.0311184
84.23711856,1.470215071,-0.01601488,482.1684949
84.28214107,1.471000862,-0.016019979,482.304428
84.32716358,1.471786653,-0.016025039,482.4389162
84.37218609,1.472572444,-0.016030063,482.5719576
84.4172086,1.473358235,-0.016035049,482.7035507
84.46223112,1.474144027,-0.016039999,482.8336939
84.50725363,1.474929818,-0.01604491,482.9623855
84.55227614,1.475715609,-0.016049785,483.0896238
84.59729865,1.4765014,-0.016054622,483.2154073
84.64232116,1.477287191,-0.016059422,483.3397342
84.68734367,1.478072982,-0.016064185,483.462603
84.73236618,1.478858773,-0.01606891,483.584012
84.77738869,1.479644564,-0.016073598,483.7039595
84.82241121,1.480430355,-0.016078248,483.8224439
84.86743372,1.481216146,-0.016082862,483.9394636
84.91245623,1.482001937,-0.016087437,484.0550169
84.95747874,1.482787728,-0.016091976,484.1691022
85.00250125,1.483573519,-0.016096477,484.2817178
85.04752376,1.48435931,-0.01610094,484.3928622
85.09254627,1.485145101,-0.016105366,484.5025335
85.13756878,1.485930892,-0.016109755,484.6107303
85.1825913,1.486716683,-0.016114106,484.7174508
85.22761381,1.487502475,-0.01611842,484.8226935
85.27263632,1.488288266,-0.016122697,484.9264566
85.31765883,1.489074057,-0.016126935,485.0287386
85.36268134,1.489859848,-0.016131137,485.1295378
85.40770385,1.490645639,-0.016135301,485.2288525
85.45272636,1.49143143,-0.016139427,485.3266811
85.49774887,1.492217221,-0.016143516,485.423022
85.54277139,1.493003012,-0.016147567,485.5178736
85.5877939,1.493788803,-0.016151581,485.6112341
85.63281641,1.494574594,-0.016155557,485.7031019
85.67783892,1.495360385,-0.016159496,485.7934754
85.72286143,1.496146176,-0.016163397,485.882353
85.76788394,1.496931967,-0.016167261,485.969733
85.81290645,1.497717758,-0.016171087,486.0556138
85.85792896,1.498503549,-0.016174875,486.1399937
85.90295148,1.49928934,-0.016178626,486.222871
85.94797399,1.500075131,-0.016182339,486.3042442
85.9929965,1.500860923,-0.016186015,486.3841116
86.03801901,1.501646714,-0.016189653,486.4624716
86.08304152,1.502432505,-0.016193253,486.5393224
86.12806403,1.503218296,-0.016196816,486.6146626
86.17308654,1.504004087,-0.016200341,486.6884903
86.21810905,1.504789878,-0.016203828,486.7608041
86.26313157,1.505575669,-0.016207278,486.8316022
86.30815408,1.50636146,-0.01621069,486.9008829
86.35317659,1.507147251,-0.016214064,486.9686448
86.3981991,1.507933042,-0.016217401,487.034886
86.44322161,1.508718833,-0.0162207,487.099605
86.48824412,1.509504624,-0.016223961,487.1628001
86.53326663,1.510290415,-0.016227185,487.2244698
86.57828914,1.511076206,-0.01623037,487.2846122
86.62331166,1.511861997,-0.016233518,487.3432259
86.66833417,1.512647788,-0.016236629,487.4003091
86.71335668,1.513433579,-0.016239701,487.4558602
86.75837919,1.514219371,-0.016242736,487.5098776
86.8034017,1.515005162,-0.016245733,487.5623597
86.84842421,1.515790953,-0.016248693,487.6133047
86.89344672,1.516576744,-0.016251614,487.662711
86.93846923,1.517362535,-0.016254498,487.7105771
86.98349175,1.518148326,-0.016257344,487.7569012
87.02851426,1.518934117,-0.016260152,487.8016817
87.07353677,1.519719908,-0.016262923,487.844917
87.11855928,1.520505699,-0.016265656,487.8866054
87.16358179,1.52129149,-0.01626835,487.9267453
87.2086043,1.522077281,-0.016271007,487.965335
87.25362681,1.522863072,-0.016273627,488.002373
87.29864932,1.523648863,-0.016276208,488.0378575
87.34367184,1.524434654,-0.016278752,488.0717869
87.38869435,1.525220445,-0.016281257,488.1041596
87.43371686,1.526006236,-0.016283725,488.1349739
87.47873937,1.526792027,-0.016286155,488.1642282
87.52376188,1.527577819,-0.016288547,488.1919209
87.56878439,1.52836361,-0.016290902,488.2180502
87.6138069,1.529149401,-0.016293218,488.2426146
87.65882941,1.529935192,-0.016295497,488.2656124
87.70385193,1.530720983,-0.016297737,488.287042
87.74887444,1.531506774,-0.01629994,488.3069018
87.79389695,1.532292565,-0.016302105,488.32519
87.83891946,1.533078356,-0.016304232,488.341905
87.88394197,1.533864147,-0.016306321,488.3570453
87.92896448,1.534649938,-0.016308372,488.3706091
87.97398699,1.535435729,-0.016310386,488.3825948
88.0190095,1.53622152,-0.016312361,488.3930009
88.06403202,1.537007311,-0.016314299,488.4018255
88.10905453,1.537793102,-0.016316198,488.4090671
88.15407704,1.538578893,-0.01631806,488.4147241
88.19909955,1.539364684,-0.016319884,488.4187948
88.24412206,1.540150475,-0.01632167,488.4212775
88.28914457,1.540936267,-0.016323417,488.4221707
88.33416708,1.541722058,-0.016325127,488.4214726
88.37918959,1.542507849,-0.016326799,488.4191817
88.42421211,1.54329364,-0.016328433,488.4152962
88.46923462,1.544079431,-0.01633003,488.4098146
88.51425713,1.544865222,-0.016331588,488.4027352
88.55927964,1.545651013,-0.016333108,488.3940564
88.60430215,1.546436804,-0.01633459,488.3837765
88.64932466,1.547222595,-0.016336035,488.3718938
88.69434717,1.548008386,-0.016337441,488.3584068
88.73936968,1.548794177,-0.016338809,488.3433138
88.7843922,1.549579968,-0.01634014,488.3266131
88.82941471,1.550365759,-0.016341432,488.3083032
88.87443722,1.55115155,-0.016342687,488.2883823
88.91945973,1.551937341,-0.016343903,488.2668488
88.96448224,1.552723132,-0.016345081,488.2437011
89.00950475,1.553508923,-0.016346222,488.2189375
89.05452726,1.554294715,-0.016347325,488.1925564
89.09954977,1.555080506,-0.016348389,488.1645562
89.14457229,1.555866297,-0.016349416,488.1349352
89.1895948,1.556652088,-0.016350404,488.1036917
89.23461731,1.557437879,-0.016351355,488.0708242
89.27963982,1.55822367,-0.016352267,488.0363309
89.32466233,1.559009461,-0.016353142,488.0002103
89.36968484,1.559795252,-0.016353978,487.9624606
89.41470735,1.560581043,-0.016354777,487.9230803
89.45972986,1.561366834,-0.016355538,487.8820678
89.50475238,1.562152625,-0.01635626,487.8394212
89.54977489,1.562938416,-0.016356945,487.7951391
89.5947974,1.563724207,-0.016357591,487.7492198
89.63981991,1.564509998,-0.0163582,487.7016617
89.68484242,1.565295789,-0.01635877,487.652463
89.72986493,1.56608158,-0.016359303,487.6016221
89.77488744,1.566867372,-0.016359797,487.5491375
89.81990995,1.567653163,-0.016360254,487.4950074
89.86493247,1.568438954,-0.016360673,487.4392303
89.90995498,1.569224745,-0.016361053,487.3818044
89.95497749,1.570010536,-0.016361396,487.3227282
90,1.570796327,-0.0163617,487.262
